fecha,macrosector_id,ise_indice,ise_var_anual,macrosector
2015-01,M01,98.892323,2.9601,Agropecuario
2015-02,M01,98.7017,2.2221,Agropecuario
2015-03,M01,97.046564,3.7479,Agropecuario
2015-04,M01,100.470248,4.1047,Agropecuario
2015-05,M01,98.128939,1.4892,Agropecuario
2015-06,M01,98.577383,3.7214,Agropecuario
2015-07,M01,103.391268,5.7183,Agropecuario
2015-08,M01,100.369194,8.1115,Agropecuario
2015-09,M01,101.858996,7.1254,Agropecuario
2015-10,M01,101.643786,3.3517,Agropecuario
2015-11,M01,98.822196,4.8077,Agropecuario
2015-12,M01,102.097405,4.4097,Agropecuario
2016-01,M01,97.006486,-1.907,Agropecuario
2016-02,M01,100.399876,1.7205,Agropecuario
2016-03,M01,100.011101,3.0548,Agropecuario
2016-04,M01,99.293324,-1.1714,Agropecuario
2016-05,M01,96.810194,-1.3439,Agropecuario
2016-06,M01,100.549867,2.0009,Agropecuario
2016-07,M01,91.496554,-11.5046,Agropecuario
2016-08,M01,110.004261,9.5996,Agropecuario
2016-09,M01,108.128272,6.1549,Agropecuario
2016-10,M01,106.765076,5.0385,Agropecuario
2016-11,M01,112.536817,13.8781,Agropecuario
2016-12,M01,109.838334,7.5819,Agropecuario
2017-01,M01,106.869035,10.1669,Agropecuario
2017-02,M01,109.226228,8.7912,Agropecuario
2017-03,M01,108.767693,8.7556,Agropecuario
2017-04,M01,102.530511,3.2602,Agropecuario
2017-05,M01,104.996789,8.4563,Agropecuario
2017-06,M01,113.697484,13.0757,Agropecuario
2017-07,M01,105.245372,15.0266,Agropecuario
2017-08,M01,111.803111,1.6353,Agropecuario
2017-09,M01,110.890178,2.5543,Agropecuario
2017-10,M01,108.741021,1.8507,Agropecuario
2017-11,M01,110.455016,-1.8499,Agropecuario
2017-12,M01,108.365128,-1.3412,Agropecuario
2018-01,M01,109.392094,2.3609,Agropecuario
2018-02,M01,110.433902,1.1057,Agropecuario
2018-03,M01,112.59374,3.5176,Agropecuario
2018-04,M01,109.385612,6.6859,Agropecuario
2018-05,M01,110.303208,5.0539,Agropecuario
2018-06,M01,109.751558,-3.4705,Agropecuario
2018-07,M01,110.531031,5.0222,Agropecuario
2018-08,M01,110.437447,-1.2215,Agropecuario
2018-09,M01,110.040217,-0.7665,Agropecuario
2018-10,M01,111.469319,2.509,Agropecuario
2018-11,M01,110.282791,-0.1559,Agropecuario
2018-12,M01,107.713052,-0.6017,Agropecuario
2019-01,M01,110.901739,1.38,Agropecuario
2019-02,M01,111.395833,0.871,Agropecuario
2019-03,M01,109.070102,-3.1295,Agropecuario
2019-04,M01,111.805356,2.2121,Agropecuario
2019-05,M01,116.862939,5.947,Agropecuario
2019-06,M01,110.403562,0.5941,Agropecuario
2019-07,M01,114.726973,3.7962,Agropecuario
2019-08,M01,115.844749,4.8963,Agropecuario
2019-09,M01,112.998068,2.688,Agropecuario
2019-10,M01,116.702899,4.6951,Agropecuario
2019-11,M01,113.687855,3.0876,Agropecuario
2019-12,M01,113.866071,5.7124,Agropecuario
2020-01,M01,117.880788,6.293,Agropecuario
2020-02,M01,120.106828,7.8199,Agropecuario
2020-03,M01,111.678468,2.3915,Agropecuario
2020-04,M01,113.930398,1.9007,Agropecuario
2020-05,M01,110.332187,-5.5884,Agropecuario
2020-06,M01,111.49218,0.986,Agropecuario
2020-07,M01,115.51183,0.6841,Agropecuario
2020-08,M01,112.903498,-2.539,Agropecuario
2020-09,M01,118.629351,4.9835,Agropecuario
2020-10,M01,115.635405,-0.9147,Agropecuario
2020-11,M01,114.285859,0.526,Agropecuario
2020-12,M01,122.510557,7.5918,Agropecuario
2021-01,M01,116.887001,-0.843,Agropecuario
2021-02,M01,117.73075,-1.9783,Agropecuario
2021-03,M01,127.931909,14.5538,Agropecuario
2021-04,M01,128.2612,12.5786,Agropecuario
2021-05,M01,108.167211,-1.9622,Agropecuario
2021-06,M01,121.717711,9.1715,Agropecuario
2021-07,M01,120.054939,3.933,Agropecuario
2021-08,M01,115.679303,2.4586,Agropecuario
2021-09,M01,123.25329,3.8978,Agropecuario
2021-10,M01,121.819876,5.3483,Agropecuario
2021-11,M01,121.996835,6.7471,Agropecuario
2021-12,M01,121.965855,-0.4446,Agropecuario
2022-01,M01,116.570364,-0.2709,Agropecuario
2022-02,M01,120.363376,2.2361,Agropecuario
2022-03,M01,120.736017,-5.6248,Agropecuario
2022-04,M01,124.523109,-2.9144,Agropecuario
2022-05,M01,120.451764,11.357,Agropecuario
2022-06,M01,120.093931,-1.3341,Agropecuario
2022-07,M01,116.733084,-2.7669,Agropecuario
2022-08,M01,120.374129,4.0585,Agropecuario
2022-09,M01,119.378344,-3.1439,Agropecuario
2022-10,M01,116.286218,-4.5425,Agropecuario
2022-11,M01,118.66652,-2.7298,Agropecuario
2022-12,M01,118.172907,-3.1098,Agropecuario
2023-01,M01,118.800216,1.9129,Agropecuario
2023-02,M01,120.358591,-0.004,Agropecuario
2023-03,M01,122.507823,1.4675,Agropecuario
2023-04,M01,117.000385,-6.0412,Agropecuario
2023-05,M01,120.508318,0.047,Agropecuario
2023-06,M01,122.263544,1.8066,Agropecuario
2023-07,M01,118.600246,1.5995,Agropecuario
2023-08,M01,120.947197,0.4761,Agropecuario
2023-09,M01,122.112,2.2899,Agropecuario
2023-10,M01,121.754667,4.7026,Agropecuario
2023-11,M01,127.63824,7.5604,Agropecuario
2023-12,M01,123.472532,4.4846,Agropecuario
2024-01,M01,129.476496,8.9868,Agropecuario
2024-02,M01,131.630523,9.3653,Agropecuario
2024-03,M01,118.135943,-3.5687,Agropecuario
2024-04,M01,126.749795,8.3328,Agropecuario
2024-05,M01,129.14813,7.1695,Agropecuario
2024-06,M01,124.255174,1.629,Agropecuario
2024-07,M01,134.981173,13.8119,Agropecuario
2024-08,M01,129.037586,6.6892,Agropecuario
2024-09,M01,128.309762,5.0755,Agropecuario
2024-10,M01,132.20245,8.581,Agropecuario
2024-11,M01,128.710592,0.8401,Agropecuario
2024-12,M01,132.545652,7.3483,Agropecuario
2025-01,M01,132.543596,2.3688,Agropecuario
2025-02,M01,132.354868,0.5503,Agropecuario
2025-03,M01,130.306429,10.3021,Agropecuario
2025-04,M01,136.453915,7.6561,Agropecuario
2025-05,M01,132.502899,2.5976,Agropecuario
2025-06,M01,131.699349,5.991,Agropecuario
2025-07,M01,137.502426,1.8679,Agropecuario
2025-08,M01,132.201307,2.4518,Agropecuario
2025-09,M01,135.833932,5.8641,Agropecuario
2025-10,M01,136.509304,3.2578,Agropecuario
2025-11,M01,127.971027,-0.5746,Agropecuario
2025-12,M01,127.374818,-3.9012,Agropecuario
2026-01,M01,128.392787,-3.1317,Agropecuario
2026-02,M01,128.984954,-2.5461,Agropecuario
2026-03,M01,132.909377,1.9976,Agropecuario
2015-01,M02,103.095649,-0.5304,Minería y energía
2015-02,M02,98.028413,-6.552,Minería y energía
2015-03,M02,102.24489,-0.6795,Minería y energía
2015-04,M02,102.786809,6.5793,Minería y energía
2015-05,M02,101.5488,4.1025,Minería y energía
2015-06,M02,100.213818,-1.0428,Minería y energía
2015-07,M02,98.154433,-1.7893,Minería y energía
2015-08,M02,98.218112,-3.8652,Minería y energía
2015-09,M02,99.243107,-2.3614,Minería y energía
2015-10,M02,99.697535,-2.2796,Minería y energía
2015-11,M02,98.894592,-0.5719,Minería y energía
2015-12,M02,97.873841,-2.9368,Minería y energía
2016-01,M02,97.758449,-5.1769,Minería y energía
2016-02,M02,102.381067,4.4402,Minería y energía
2016-03,M02,98.008212,-4.1437,Minería y energía
2016-04,M02,97.168278,-5.4662,Minería y energía
2016-05,M02,97.102701,-4.3783,Minería y energía
2016-06,M02,97.00453,-3.2024,Minería y energía
2016-07,M02,98.408732,0.2591,Minería y energía
2016-08,M02,96.859802,-1.383,Minería y energía
2016-09,M02,97.602112,-1.6535,Minería y energía
2016-10,M02,95.261687,-4.4493,Minería y energía
2016-11,M02,93.779714,-5.1721,Minería y energía
2016-12,M02,94.045697,-3.9113,Minería y energía
2017-01,M02,92.809563,-5.0624,Minería y energía
2017-02,M02,93.417665,-8.7549,Minería y energía
2017-03,M02,90.715391,-7.441,Minería y energía
2017-04,M02,91.743368,-5.583,Minería y energía
2017-05,M02,94.44138,-2.7407,Minería y energía
2017-06,M02,91.756494,-5.4101,Minería y energía
2017-07,M02,91.968604,-6.5443,Minería y energía
2017-08,M02,91.012328,-6.037,Minería y energía
2017-09,M02,89.679809,-8.1169,Minería y energía
2017-10,M02,94.123869,-1.1944,Minería y energía
2017-11,M02,88.453441,-5.6796,Minería y energía
2017-12,M02,88.213067,-6.2019,Minería y energía
2018-01,M02,88.12404,-5.0485,Minería y energía
2018-02,M02,87.58265,-6.2462,Minería y energía
2018-03,M02,88.583722,-2.3498,Minería y energía
2018-04,M02,88.946925,-3.0481,Minería y energía
2018-05,M02,90.056569,-4.6429,Minería y energía
2018-06,M02,90.867208,-0.9692,Minería y energía
2018-07,M02,90.279981,-1.8361,Minería y energía
2018-08,M02,91.743527,0.8034,Minería y energía
2018-09,M02,90.840104,1.2938,Minería y energía
2018-10,M02,87.613732,-6.9166,Minería y energía
2018-11,M02,92.582926,4.6685,Minería y energía
2018-12,M02,92.87184,5.2813,Minería y energía
2019-01,M02,94.13632,6.8225,Minería y energía
2019-02,M02,90.514852,3.3479,Minería y energía
2019-03,M02,91.783173,3.6118,Minería y energía
2019-04,M02,92.129626,3.5782,Minería y energía
2019-05,M02,89.526097,-0.589,Minería y energía
2019-06,M02,89.991574,-0.9636,Minería y energía
2019-07,M02,90.545109,0.2937,Minería y energía
2019-08,M02,91.383268,-0.3927,Minería y energía
2019-09,M02,90.998397,0.1743,Minería y energía
2019-10,M02,93.139069,6.3065,Minería y energía
2019-11,M02,94.286548,1.8401,Minería y energía
2019-12,M02,92.44572,-0.4588,Minería y energía
2020-01,M02,89.171456,-5.2741,Minería y energía
2020-02,M02,91.991725,1.6316,Minería y energía
2020-03,M02,84.156893,-8.309,Minería y energía
2020-04,M02,66.987995,-27.2894,Minería y energía
2020-05,M02,73.806447,-17.5587,Minería y energía
2020-06,M02,76.949239,-14.4928,Minería y energía
2020-07,M02,76.169362,-15.8769,Minería y energía
2020-08,M02,76.425151,-16.3686,Minería y energía
2020-09,M02,70.944284,-22.0379,Minería y energía
2020-10,M02,78.353059,-15.8752,Minería y energía
2020-11,M02,74.202032,-21.3016,Minería y energía
2020-12,M02,74.497637,-19.4147,Minería y energía
2021-01,M02,74.363352,-16.6063,Minería y energía
2021-02,M02,77.971343,-15.2409,Minería y energía
2021-03,M02,78.40788,-6.8313,Minería y energía
2021-04,M02,77.890064,16.2747,Minería y energía
2021-05,M02,74.052705,0.3337,Minería y energía
2021-06,M02,76.584915,-0.4735,Minería y energía
2021-07,M02,73.929847,-2.9402,Minería y energía
2021-08,M02,73.873696,-3.3385,Minería y energía
2021-09,M02,78.666263,10.8846,Minería y energía
2021-10,M02,78.577116,0.286,Minería y energía
2021-11,M02,84.838992,14.3351,Minería y energía
2021-12,M02,82.584227,10.8548,Minería y energía
2022-01,M02,78.108046,5.0357,Minería y energía
2022-02,M02,78.799744,1.0624,Minería y energía
2022-03,M02,77.51884,-1.1339,Minería y energía
2022-04,M02,78.512366,0.7989,Minería y energía
2022-05,M02,79.013037,6.6984,Minería y energía
2022-06,M02,78.698807,2.7602,Minería y energía
2022-07,M02,81.624201,10.4076,Minería y energía
2022-08,M02,81.392835,10.1784,Minería y energía
2022-09,M02,78.120069,-0.6943,Minería y energía
2022-10,M02,78.351576,-0.287,Minería y energía
2022-11,M02,77.043345,-9.1888,Minería y energía
2022-12,M02,78.112868,-5.4143,Minería y energía
2023-01,M02,79.636665,1.9571,Minería y energía
2023-02,M02,79.410776,0.7754,Minería y energía
2023-03,M02,81.933206,5.6946,Minería y energía
2023-04,M02,80.902711,3.0445,Minería y energía
2023-05,M02,83.118986,5.1965,Minería y energía
2023-06,M02,80.119113,1.8047,Minería y energía
2023-07,M02,82.672596,1.2844,Minería y energía
2023-08,M02,81.287966,-0.1288,Minería y energía
2023-09,M02,81.984324,4.9466,Minería y energía
2023-10,M02,79.630505,1.6323,Minería y energía
2023-11,M02,80.858042,4.9514,Minería y energía
2023-12,M02,78.004393,-0.1389,Minería y energía
2024-01,M02,80.272736,0.7987,Minería y energía
2024-02,M02,76.996249,-3.0406,Minería y energía
2024-03,M02,77.941969,-4.8713,Minería y energía
2024-04,M02,83.81907,3.6048,Minería y energía
2024-05,M02,79.58941,-4.2464,Minería y energía
2024-06,M02,76.844732,-4.0869,Minería y energía
2024-07,M02,78.872807,-4.5962,Minería y energía
2024-08,M02,77.420036,-4.7583,Minería y energía
2024-09,M02,77.047764,-6.0213,Minería y energía
2024-10,M02,79.381088,-0.3132,Minería y energía
2024-11,M02,75.646293,-6.4456,Minería y energía
2024-12,M02,72.645053,-6.8706,Minería y energía
2025-01,M02,75.195059,-6.3255,Minería y energía
2025-02,M02,76.473779,-0.6786,Minería y energía
2025-03,M02,73.575904,-5.6017,Minería y energía
2025-04,M02,71.524884,-14.6675,Minería y energía
2025-05,M02,69.128755,-13.1433,Minería y energía
2025-06,M02,72.960495,-5.0547,Minería y energía
2025-07,M02,70.886426,-10.1256,Minería y energía
2025-08,M02,71.988042,-7.0163,Minería y energía
2025-09,M02,73.318453,-4.8403,Minería y energía
2025-10,M02,73.066373,-7.9549,Minería y energía
2025-11,M02,72.537748,-4.1093,Minería y energía
2025-12,M02,74.079504,1.9746,Minería y energía
2026-01,M02,74.431688,-1.0152,Minería y energía
2026-02,M02,75.168837,-1.7064,Minería y energía
2026-03,M02,74.541592,1.3125,Minería y energía
2015-01,M03,96.332901,0.0397,Manufactura
2015-02,M03,99.336354,1.186,Manufactura
2015-03,M03,98.461806,0.9542,Manufactura
2015-04,M03,99.348983,0.1511,Manufactura
2015-05,M03,98.012099,-1.6406,Manufactura
2015-06,M03,99.561888,4.8082,Manufactura
2015-07,M03,101.49517,0.8285,Manufactura
2015-08,M03,98.288834,3.5677,Manufactura
2015-09,M03,102.20937,2.6732,Manufactura
2015-10,M03,102.616056,2.3704,Manufactura
2015-11,M03,101.258357,5.7639,Manufactura
2015-12,M03,103.078181,3.5966,Manufactura
2016-01,M03,101.515158,5.3795,Manufactura
2016-02,M03,104.560181,5.2587,Manufactura
2016-03,M03,102.718245,4.3229,Manufactura
2016-04,M03,103.23527,3.9118,Manufactura
2016-05,M03,102.993641,5.0826,Manufactura
2016-06,M03,105.109971,5.5725,Manufactura
2016-07,M03,95.251856,-6.1513,Manufactura
2016-08,M03,106.67525,8.5324,Manufactura
2016-09,M03,105.224199,2.9497,Manufactura
2016-10,M03,102.706975,0.0886,Manufactura
2016-11,M03,103.650101,2.362,Manufactura
2016-12,M03,105.044782,1.9079,Manufactura
2017-01,M03,102.869275,1.3339,Manufactura
2017-02,M03,103.027243,-1.4661,Manufactura
2017-03,M03,103.016901,0.2908,Manufactura
2017-04,M03,98.635158,-4.4559,Manufactura
2017-05,M03,100.268695,-2.6457,Manufactura
2017-06,M03,102.173922,-2.7933,Manufactura
2017-07,M03,99.046857,3.9842,Manufactura
2017-08,M03,101.845845,-4.5272,Manufactura
2017-09,M03,101.917036,-3.143,Manufactura
2017-10,M03,99.932176,-2.7017,Manufactura
2017-11,M03,102.130992,-1.4656,Manufactura
2017-12,M03,101.322053,-3.5439,Manufactura
2018-01,M03,101.046401,-1.772,Manufactura
2018-02,M03,102.038554,-0.9596,Manufactura
2018-03,M03,103.290373,0.2655,Manufactura
2018-04,M03,102.258849,3.6738,Manufactura
2018-05,M03,103.130608,2.8542,Manufactura
2018-06,M03,102.6755,0.4909,Manufactura
2018-07,M03,101.705769,2.6845,Manufactura
2018-08,M03,104.492806,2.599,Manufactura
2018-09,M03,102.836056,0.9017,Manufactura
2018-10,M03,104.459925,4.5308,Manufactura
2018-11,M03,105.470567,3.2699,Manufactura
2018-12,M03,100.722602,-0.5916,Manufactura
2019-01,M03,103.09317,2.0256,Manufactura
2019-02,M03,104.234082,2.1517,Manufactura
2019-03,M03,101.146579,-2.0755,Manufactura
2019-04,M03,104.514408,2.2057,Manufactura
2019-05,M03,105.749741,2.5396,Manufactura
2019-06,M03,101.469992,-1.1741,Manufactura
2019-07,M03,104.732297,2.9758,Manufactura
2019-08,M03,105.010489,0.4954,Manufactura
2019-09,M03,103.73078,0.87,Manufactura
2019-10,M03,106.246639,1.7104,Manufactura
2019-11,M03,103.675289,-1.7022,Manufactura
2019-12,M03,105.351828,4.596,Manufactura
2020-01,M03,106.575952,3.3783,Manufactura
2020-02,M03,105.755254,1.4594,Manufactura
2020-03,M03,90.332465,-10.6915,Manufactura
2020-04,M03,66.085473,-36.769,Manufactura
2020-05,M03,75.339922,-28.7564,Manufactura
2020-06,M03,87.565345,-13.7032,Manufactura
2020-07,M03,94.338052,-9.9246,Manufactura
2020-08,M03,94.703856,-9.8149,Manufactura
2020-09,M03,100.61877,-3.0001,Manufactura
2020-10,M03,103.983113,-2.1304,Manufactura
2020-11,M03,102.508271,-1.1256,Manufactura
2020-12,M03,105.633085,0.267,Manufactura
2021-01,M03,103.591244,-2.8005,Manufactura
2021-02,M03,107.32116,1.4807,Manufactura
2021-03,M03,107.892763,19.4396,Manufactura
2021-04,M03,105.69694,59.9397,Manufactura
2021-05,M03,84.91082,12.7036,Manufactura
2021-06,M03,106.015263,21.0699,Manufactura
2021-07,M03,110.583393,17.2203,Manufactura
2021-08,M03,110.859688,17.0593,Manufactura
2021-09,M03,112.250742,11.5604,Manufactura
2021-10,M03,110.255431,6.0321,Manufactura
2021-11,M03,113.276747,10.505,Manufactura
2021-12,M03,114.854453,8.7296,Manufactura
2022-01,M03,112.986168,9.0692,Manufactura
2022-02,M03,113.70259,5.9461,Manufactura
2022-03,M03,115.926872,7.4464,Manufactura
2022-04,M03,116.199316,9.9363,Manufactura
2022-05,M03,116.179867,36.8258,Manufactura
2022-06,M03,116.136425,9.5469,Manufactura
2022-07,M03,114.585474,3.6191,Manufactura
2022-08,M03,120.033366,8.275,Manufactura
2022-09,M03,118.724711,5.7674,Manufactura
2022-10,M03,115.965649,5.1791,Manufactura
2022-11,M03,116.810792,3.1198,Manufactura
2022-12,M03,115.311077,0.3976,Manufactura
2023-01,M03,116.476164,3.0889,Manufactura
2023-02,M03,117.691883,3.5085,Manufactura
2023-03,M03,117.948148,1.7436,Manufactura
2023-04,M03,113.042236,-2.717,Manufactura
2023-05,M03,115.773662,-0.3496,Manufactura
2023-06,M03,114.496199,-1.4123,Manufactura
2023-07,M03,111.146612,-3.0011,Manufactura
2023-08,M03,113.25996,-5.6429,Manufactura
2023-09,M03,114.29322,-3.7326,Manufactura
2023-10,M03,111.160934,-4.1432,Manufactura
2023-11,M03,113.647149,-2.7083,Manufactura
2023-12,M03,111.054512,-3.6914,Manufactura
2024-01,M03,112.969826,-3.0103,Manufactura
2024-02,M03,112.628848,-4.3019,Manufactura
2024-03,M03,109.439854,-7.2136,Manufactura
2024-04,M03,112.082056,-0.8494,Manufactura
2024-05,M03,111.901958,-3.3442,Manufactura
2024-06,M03,108.915417,-4.8742,Manufactura
2024-07,M03,112.146745,0.8998,Manufactura
2024-08,M03,109.788429,-3.0651,Manufactura
2024-09,M03,109.745504,-3.979,Manufactura
2024-10,M03,112.61095,1.3044,Manufactura
2024-11,M03,110.502496,-2.767,Manufactura
2024-12,M03,112.120457,0.9598,Manufactura
2025-01,M03,113.306631,0.2981,Manufactura
2025-02,M03,113.065549,0.3877,Manufactura
2025-03,M03,110.195004,0.69,Manufactura
2025-04,M03,113.207734,1.0043,Manufactura
2025-05,M03,114.198952,2.0527,Manufactura
2025-06,M03,111.32082,2.2085,Manufactura
2025-07,M03,118.183042,5.3825,Manufactura
2025-08,M03,112.418484,2.3956,Manufactura
2025-09,M03,115.097671,4.8769,Manufactura
2025-10,M03,115.15997,2.2636,Manufactura
2025-11,M03,111.770115,1.1471,Manufactura
2025-12,M03,111.941897,-0.1593,Manufactura
2026-01,M03,114.483648,1.0388,Manufactura
2026-02,M03,115.881113,2.4902,Manufactura
2026-03,M03,115.198262,4.5404,Manufactura
2015-01,M04,99.319937,-0.8571,Electricidad y agua
2015-02,M04,99.68355,-0.324,Electricidad y agua
2015-03,M04,99.519817,-0.4865,Electricidad y agua
2015-04,M04,98.915083,-2.56,Electricidad y agua
2015-05,M04,100.129211,-1.7996,Electricidad y agua
2015-06,M04,99.984818,-1.4807,Electricidad y agua
2015-07,M04,100.275898,-1.7239,Electricidad y agua
2015-08,M04,100.065821,-0.7445,Electricidad y agua
2015-09,M04,101.310247,0.8513,Electricidad y agua
2015-10,M04,101.28093,0.8445,Electricidad y agua
2015-11,M04,99.404946,-0.1264,Electricidad y agua
2015-12,M04,100.109745,0.0495,Electricidad y agua
2016-01,M04,100.462691,1.1506,Electricidad y agua
2016-02,M04,101.068997,1.3898,Electricidad y agua
2016-03,M04,99.943475,0.4257,Electricidad y agua
2016-04,M04,98.28222,-0.6398,Electricidad y agua
2016-05,M04,98.765497,-1.362,Electricidad y agua
2016-06,M04,99.95205,-0.0328,Electricidad y agua
2016-07,M04,97.880158,-2.3891,Electricidad y agua
2016-08,M04,100.879988,0.8136,Electricidad y agua
2016-09,M04,100.459598,-0.8396,Electricidad y agua
2016-10,M04,100.473354,-0.7974,Electricidad y agua
2016-11,M04,100.928422,1.5326,Electricidad y agua
2016-12,M04,100.805986,0.6955,Electricidad y agua
2017-01,M04,100.563995,0.1008,Electricidad y agua
2017-02,M04,102.020953,0.9419,Electricidad y agua
2017-03,M04,102.02803,2.0857,Electricidad y agua
2017-04,M04,102.115636,3.9004,Electricidad y agua
2017-05,M04,102.352714,3.6321,Electricidad y agua
2017-06,M04,102.715382,2.7647,Electricidad y agua
2017-07,M04,102.413395,4.6314,Electricidad y agua
2017-08,M04,103.397874,2.4959,Electricidad y agua
2017-09,M04,104.19985,3.7231,Electricidad y agua
2017-10,M04,103.883159,3.3937,Electricidad y agua
2017-11,M04,104.439482,3.4788,Electricidad y agua
2017-12,M04,104.407518,3.5727,Electricidad y agua
2018-01,M04,104.178903,3.5946,Electricidad y agua
2018-02,M04,103.183167,1.1392,Electricidad y agua
2018-03,M04,104.554127,2.4759,Electricidad y agua
2018-04,M04,104.569844,2.4034,Electricidad y agua
2018-05,M04,104.844827,2.4348,Electricidad y agua
2018-06,M04,105.606673,2.8149,Electricidad y agua
2018-07,M04,106.118098,3.6174,Electricidad y agua
2018-08,M04,106.777589,3.2687,Electricidad y agua
2018-09,M04,106.263504,1.9805,Electricidad y agua
2018-10,M04,106.263328,2.2912,Electricidad y agua
2018-11,M04,107.227997,2.67,Electricidad y agua
2018-12,M04,106.414625,1.9224,Electricidad y agua
2019-01,M04,106.978929,2.6877,Electricidad y agua
2019-02,M04,106.975823,3.6757,Electricidad y agua
2019-03,M04,106.882176,2.2266,Electricidad y agua
2019-04,M04,107.860741,3.1471,Electricidad y agua
2019-05,M04,108.404144,3.3948,Electricidad y agua
2019-06,M04,108.228065,2.4822,Electricidad y agua
2019-07,M04,108.747964,2.4782,Electricidad y agua
2019-08,M04,109.322046,2.383,Electricidad y agua
2019-09,M04,108.901267,2.4823,Electricidad y agua
2019-10,M04,108.170742,1.795,Electricidad y agua
2019-11,M04,108.263467,0.9657,Electricidad y agua
2019-12,M04,109.171053,2.5903,Electricidad y agua
2020-01,M04,109.581437,2.4327,Electricidad y agua
2020-02,M04,110.285878,3.0942,Electricidad y agua
2020-03,M04,105.430363,-1.3583,Electricidad y agua
2020-04,M04,96.712792,-10.3355,Electricidad y agua
2020-05,M04,97.689299,-9.8842,Electricidad y agua
2020-06,M04,100.981555,-6.6956,Electricidad y agua
2020-07,M04,102.092016,-6.1205,Electricidad y agua
2020-08,M04,102.793207,-5.9721,Electricidad y agua
2020-09,M04,103.652187,-4.82,Electricidad y agua
2020-10,M04,105.541258,-2.4309,Electricidad y agua
2020-11,M04,106.046769,-2.0475,Electricidad y agua
2020-12,M04,107.390318,-1.6311,Electricidad y agua
2021-01,M04,106.834731,-2.5065,Electricidad y agua
2021-02,M04,108.363895,-1.7427,Electricidad y agua
2021-03,M04,108.045577,2.4805,Electricidad y agua
2021-04,M04,108.173072,11.8498,Electricidad y agua
2021-05,M04,104.834755,7.3145,Electricidad y agua
2021-06,M04,109.136997,8.0762,Electricidad y agua
2021-07,M04,111.400548,9.1178,Electricidad y agua
2021-08,M04,110.734601,7.7256,Electricidad y agua
2021-09,M04,112.675879,8.7057,Electricidad y agua
2021-10,M04,114.023536,8.0369,Electricidad y agua
2021-11,M04,113.313419,6.8523,Electricidad y agua
2021-12,M04,113.443519,5.6366,Electricidad y agua
2022-01,M04,113.446551,6.1888,Electricidad y agua
2022-02,M04,113.809042,5.0249,Electricidad y agua
2022-03,M04,114.661737,6.1235,Electricidad y agua
2022-04,M04,115.19208,6.4887,Electricidad y agua
2022-05,M04,115.646235,10.3129,Electricidad y agua
2022-06,M04,115.307522,5.6539,Electricidad y agua
2022-07,M04,115.527236,3.7044,Electricidad y agua
2022-08,M04,115.670143,4.4571,Electricidad y agua
2022-09,M04,114.336207,1.4735,Electricidad y agua
2022-10,M04,115.758115,1.5212,Electricidad y agua
2022-11,M04,116.291432,2.6281,Electricidad y agua
2022-12,M04,116.214751,2.4428,Electricidad y agua
2023-01,M04,116.504159,2.6952,Electricidad y agua
2023-02,M04,116.728832,2.5655,Electricidad y agua
2023-03,M04,116.783087,1.8501,Electricidad y agua
2023-04,M04,116.671647,1.2844,Electricidad y agua
2023-05,M04,118.383885,2.3673,Electricidad y agua
2023-06,M04,119.473453,3.6129,Electricidad y agua
2023-07,M04,117.176375,1.4275,Electricidad y agua
2023-08,M04,120.405177,4.0936,Electricidad y agua
2023-09,M04,121.0633,5.8836,Electricidad y agua
2023-10,M04,120.678433,4.2505,Electricidad y agua
2023-11,M04,120.556733,3.6678,Electricidad y agua
2023-12,M04,121.047499,4.1585,Electricidad y agua
2024-01,M04,122.218377,4.9047,Electricidad y agua
2024-02,M04,122.171625,4.6628,Electricidad y agua
2024-03,M04,124.097741,6.2635,Electricidad y agua
2024-04,M04,122.896658,5.3355,Electricidad y agua
2024-05,M04,121.599147,2.716,Electricidad y agua
2024-06,M04,120.32911,0.7162,Electricidad y agua
2024-07,M04,120.836678,3.1238,Electricidad y agua
2024-08,M04,122.020259,1.3414,Electricidad y agua
2024-09,M04,121.196966,0.1104,Electricidad y agua
2024-10,M04,121.976084,1.0753,Electricidad y agua
2024-11,M04,119.402465,-0.9574,Electricidad y agua
2024-12,M04,122.192329,0.9458,Electricidad y agua
2025-01,M04,122.069061,-0.1222,Electricidad y agua
2025-02,M04,122.157885,-0.0112,Electricidad y agua
2025-03,M04,121.354675,-2.2104,Electricidad y agua
2025-04,M04,122.130669,-0.6233,Electricidad y agua
2025-05,M04,123.087235,1.2238,Electricidad y agua
2025-06,M04,123.24858,2.4262,Electricidad y agua
2025-07,M04,124.610635,3.1232,Electricidad y agua
2025-08,M04,123.075587,0.8649,Electricidad y agua
2025-09,M04,122.997035,1.4852,Electricidad y agua
2025-10,M04,123.986243,1.648,Electricidad y agua
2025-11,M04,124.54846,4.3098,Electricidad y agua
2025-12,M04,124.832671,2.1608,Electricidad y agua
2026-01,M04,124.787968,2.2274,Electricidad y agua
2026-02,M04,123.546332,1.1366,Electricidad y agua
2026-03,M04,126.131908,3.9366,Electricidad y agua
2015-01,M05,95.846417,4.9231,Construcción
2015-02,M05,97.047671,5.0258,Construcción
2015-03,M05,98.609642,6.2502,Construcción
2015-04,M05,100.881755,10.939,Construcción
2015-05,M05,100.720324,11.064,Construcción
2015-06,M05,100.669312,7.9955,Construcción
2015-07,M05,100.021542,4.3374,Construcción
2015-08,M05,98.39304,0.5595,Construcción
2015-09,M05,99.062044,1.0812,Construcción
2015-10,M05,101.940135,5.7158,Construcción
2015-11,M05,103.008437,8.3741,Construcción
2015-12,M05,103.799682,10.0846,Construcción
2016-01,M05,105.529793,10.103,Construcción
2016-02,M05,105.759252,8.9766,Construcción
2016-03,M05,105.040309,6.5213,Construcción
2016-04,M05,102.981716,2.0816,Construcción
2016-05,M05,105.186206,4.4339,Construcción
2016-06,M05,103.660714,2.9715,Construcción
2016-07,M05,101.172179,1.1504,Construcción
2016-08,M05,104.564124,6.2719,Construcción
2016-09,M05,104.124689,5.1106,Construcción
2016-10,M05,100.338217,-1.5714,Construcción
2016-11,M05,103.195982,0.1821,Construcción
2016-12,M05,101.512184,-2.2038,Construcción
2017-01,M05,100.613543,-4.6586,Construcción
2017-02,M05,101.062432,-4.441,Construcción
2017-03,M05,100.325211,-4.4888,Construcción
2017-04,M05,103.595205,0.5957,Construcción
2017-05,M05,102.912068,-2.162,Construcción
2017-06,M05,103.974395,0.3026,Construcción
2017-07,M05,100.551325,-0.6137,Construcción
2017-08,M05,100.753111,-3.6447,Construcción
2017-09,M05,102.3587,-1.696,Construcción
2017-10,M05,100.499398,0.1606,Construcción
2017-11,M05,99.587832,-3.4964,Construcción
2017-12,M05,101.650381,0.1361,Construcción
2018-01,M05,98.339527,-2.2601,Construcción
2018-02,M05,99.508461,-1.5376,Construcción
2018-03,M05,98.914832,-1.4058,Construcción
2018-04,M05,98.690031,-4.7349,Construcción
2018-05,M05,96.225323,-6.4975,Construcción
2018-06,M05,98.498222,-5.2668,Construcción
2018-07,M05,101.501811,0.9453,Construcción
2018-08,M05,102.893194,2.1241,Construcción
2018-09,M05,105.818658,3.3802,Construcción
2018-10,M05,103.156049,2.6434,Construcción
2018-11,M05,99.938969,0.3526,Construcción
2018-12,M05,98.871836,-2.7334,Construcción
2019-01,M05,96.639309,-1.7289,Construcción
2019-02,M05,97.264784,-2.2548,Construcción
2019-03,M05,99.834659,0.9299,Construcción
2019-04,M05,94.466619,-4.2795,Construcción
2019-05,M05,97.156152,0.9673,Construcción
2019-06,M05,97.277646,-1.2392,Construcción
2019-07,M05,98.291073,-3.1632,Construcción
2019-08,M05,93.916004,-8.7248,Construcción
2019-09,M05,94.082299,-11.091,Construcción
2019-10,M05,93.973592,-8.9015,Construcción
2019-11,M05,93.889527,-6.0531,Construcción
2019-12,M05,98.778439,-0.0945,Construcción
2020-01,M05,92.538753,-4.2432,Construcción
2020-02,M05,88.835472,-8.6664,Construcción
2020-03,M05,55.968579,-43.9387,Construcción
2020-04,M05,31.246883,-66.9228,Construcción
2020-05,M05,58.396323,-39.8944,Construcción
2020-06,M05,72.925732,-25.0334,Construcción
2020-07,M05,69.772008,-29.0149,Construcción
2020-08,M05,68.748037,-26.7984,Construcción
2020-09,M05,63.121614,-32.9081,Construcción
2020-10,M05,73.906694,-21.3538,Construcción
2020-11,M05,69.336412,-26.1511,Construcción
2020-12,M05,68.938374,-30.2091,Construcción
2021-01,M05,70.706262,-23.5928,Construcción
2021-02,M05,70.794893,-20.3079,Construcción
2021-03,M05,75.040738,34.0765,Construcción
2021-04,M05,71.715959,129.514,Construcción
2021-05,M05,64.101084,9.769,Construcción
2021-06,M05,68.192504,-6.4905,Construcción
2021-07,M05,67.312971,-3.5244,Construcción
2021-08,M05,65.403216,-4.8653,Construcción
2021-09,M05,70.273856,11.3309,Construcción
2021-10,M05,78.811252,6.6361,Construcción
2021-11,M05,71.818383,3.5796,Construcción
2021-12,M05,74.297232,7.7734,Construcción
2022-01,M05,74.871165,5.8904,Construcción
2022-02,M05,76.068558,7.4492,Construcción
2022-03,M05,74.841852,-0.265,Construcción
2022-04,M05,77.782009,8.4584,Construcción
2022-05,M05,71.766053,11.9576,Construcción
2022-06,M05,74.8815,9.809,Construcción
2022-07,M05,79.519454,18.1339,Construcción
2022-08,M05,78.690813,20.3164,Construcción
2022-09,M05,73.419383,4.4761,Construcción
2022-10,M05,75.759728,-3.8719,Construcción
2022-11,M05,73.86416,2.8485,Construcción
2022-12,M05,73.362863,-1.2576,Construcción
2023-01,M05,75.59405,0.9655,Construcción
2023-02,M05,74.112144,-2.5719,Construcción
2023-03,M05,72.571268,-3.0338,Construcción
2023-04,M05,70.863868,-8.8943,Construcción
2023-05,M05,76.368039,6.4125,Construcción
2023-06,M05,73.736697,-1.5288,Construcción
2023-07,M05,70.018179,-11.9484,Construcción
2023-08,M05,71.649667,-8.9479,Construcción
2023-09,M05,73.345581,-0.1005,Construcción
2023-10,M05,69.981162,-7.6275,Construcción
2023-11,M05,74.048798,0.25,Construcción
2023-12,M05,74.565237,1.6389,Construcción
2024-01,M05,73.08511,-3.319,Construcción
2024-02,M05,76.354483,3.0256,Construcción
2024-03,M05,73.321663,1.034,Construcción
2024-04,M05,74.829027,5.5955,Construcción
2024-05,M05,75.741155,-0.8209,Construcción
2024-06,M05,71.099228,-3.5769,Construcción
2024-07,M05,71.771523,2.5041,Construcción
2024-08,M05,74.663021,4.2057,Construcción
2024-09,M05,71.395368,-2.6589,Construcción
2024-10,M05,73.143575,4.5189,Construcción
2024-11,M05,71.832563,-2.9929,Construcción
2024-12,M05,70.362265,-5.6366,Construcción
2025-01,M05,72.823766,-0.3576,Construcción
2025-02,M05,70.912407,-7.1274,Construcción
2025-03,M05,70.966702,-3.2118,Construcción
2025-04,M05,70.126892,-6.2838,Construcción
2025-05,M05,69.791274,-7.8555,Construcción
2025-06,M05,72.991114,2.6609,Construcción
2025-07,M05,73.38557,2.2489,Construcción
2025-08,M05,69.83681,-6.464,Construcción
2025-09,M05,71.586851,0.2682,Construcción
2025-10,M05,71.435697,-2.335,Construcción
2025-11,M05,69.959057,-2.6082,Construcción
2025-12,M05,70.468694,0.1513,Construcción
2026-01,M05,66.984069,-8.0189,Construcción
2026-02,M05,66.811927,-5.7825,Construcción
2026-03,M05,71.143287,0.2488,Construcción
2015-01,M06,98.606991,4.2649,"Comercio, transporte y turismo"
2015-02,M06,98.682577,2.797,"Comercio, transporte y turismo"
2015-03,M06,98.713923,3.4413,"Comercio, transporte y turismo"
2015-04,M06,98.726915,2.0536,"Comercio, transporte y turismo"
2015-05,M06,99.769962,3.022,"Comercio, transporte y turismo"
2015-06,M06,99.820681,3.9287,"Comercio, transporte y turismo"
2015-07,M06,99.992284,3.4072,"Comercio, transporte y turismo"
2015-08,M06,100.119207,3.4449,"Comercio, transporte y turismo"
2015-09,M06,100.475253,3.1499,"Comercio, transporte y turismo"
2015-10,M06,102.023357,3.3167,"Comercio, transporte y turismo"
2015-11,M06,101.168215,3.0562,"Comercio, transporte y turismo"
2015-12,M06,101.900634,4.1115,"Comercio, transporte y turismo"
2016-01,M06,102.348093,3.794,"Comercio, transporte y turismo"
2016-02,M06,101.149284,2.4996,"Comercio, transporte y turismo"
2016-03,M06,101.813122,3.1396,"Comercio, transporte y turismo"
2016-04,M06,101.976673,3.2917,"Comercio, transporte y turismo"
2016-05,M06,101.632859,1.8672,"Comercio, transporte y turismo"
2016-06,M06,102.564866,2.7491,"Comercio, transporte y turismo"
2016-07,M06,100.38036,0.3881,"Comercio, transporte y turismo"
2016-08,M06,103.341847,3.2188,"Comercio, transporte y turismo"
2016-09,M06,103.81019,3.3192,"Comercio, transporte y turismo"
2016-10,M06,103.071777,1.0276,"Comercio, transporte y turismo"
2016-11,M06,104.171558,2.9687,"Comercio, transporte y turismo"
2016-12,M06,105.965849,3.9894,"Comercio, transporte y turismo"
2017-01,M06,102.492873,0.1415,"Comercio, transporte y turismo"
2017-02,M06,103.791743,2.6124,"Comercio, transporte y turismo"
2017-03,M06,103.8786,2.0287,"Comercio, transporte y turismo"
2017-04,M06,104.515318,2.4894,"Comercio, transporte y turismo"
2017-05,M06,103.735758,2.0691,"Comercio, transporte y turismo"
2017-06,M06,105.215405,2.5843,"Comercio, transporte y turismo"
2017-07,M06,105.435883,5.0364,"Comercio, transporte y turismo"
2017-08,M06,105.668668,2.2516,"Comercio, transporte y turismo"
2017-09,M06,105.751507,1.8701,"Comercio, transporte y turismo"
2017-10,M06,103.05403,-0.0172,"Comercio, transporte y turismo"
2017-11,M06,105.445157,1.2226,"Comercio, transporte y turismo"
2017-12,M06,106.155389,0.1789,"Comercio, transporte y turismo"
2018-01,M06,106.625121,4.0317,"Comercio, transporte y turismo"
2018-02,M06,107.155887,3.2412,"Comercio, transporte y turismo"
2018-03,M06,108.177115,4.138,"Comercio, transporte y turismo"
2018-04,M06,106.501994,1.9008,"Comercio, transporte y turismo"
2018-05,M06,107.113724,3.2563,"Comercio, transporte y turismo"
2018-06,M06,108.023686,2.6691,"Comercio, transporte y turismo"
2018-07,M06,107.11727,1.5947,"Comercio, transporte y turismo"
2018-08,M06,107.719925,1.9412,"Comercio, transporte y turismo"
2018-09,M06,108.017351,2.1426,"Comercio, transporte y turismo"
2018-10,M06,106.054717,2.9118,"Comercio, transporte y turismo"
2018-11,M06,108.602427,2.9942,"Comercio, transporte y turismo"
2018-12,M06,107.577844,1.34,"Comercio, transporte y turismo"
2019-01,M06,108.787829,2.0283,"Comercio, transporte y turismo"
2019-02,M06,109.080336,1.7959,"Comercio, transporte y turismo"
2019-03,M06,109.407449,1.1373,"Comercio, transporte y turismo"
2019-04,M06,110.619375,3.866,"Comercio, transporte y turismo"
2019-05,M06,110.7668,3.4105,"Comercio, transporte y turismo"
2019-06,M06,112.041702,3.7196,"Comercio, transporte y turismo"
2019-07,M06,112.892639,5.3916,"Comercio, transporte y turismo"
2019-08,M06,114.242978,6.0556,"Comercio, transporte y turismo"
2019-09,M06,112.98282,4.5969,"Comercio, transporte y turismo"
2019-10,M06,110.499435,4.191,"Comercio, transporte y turismo"
2019-11,M06,112.637047,3.715,"Comercio, transporte y turismo"
2019-12,M06,113.037359,5.0749,"Comercio, transporte y turismo"
2020-01,M06,115.541969,6.2085,"Comercio, transporte y turismo"
2020-02,M06,118.084396,8.2545,"Comercio, transporte y turismo"
2020-03,M06,101.00571,-7.6793,"Comercio, transporte y turismo"
2020-04,M06,67.643164,-38.8505,"Comercio, transporte y turismo"
2020-05,M06,76.085374,-31.3103,"Comercio, transporte y turismo"
2020-06,M06,82.284293,-26.5592,"Comercio, transporte y turismo"
2020-07,M06,86.415844,-23.4531,"Comercio, transporte y turismo"
2020-08,M06,87.542218,-23.3719,"Comercio, transporte y turismo"
2020-09,M06,100.167688,-11.3425,"Comercio, transporte y turismo"
2020-10,M06,103.979015,-5.9009,"Comercio, transporte y turismo"
2020-11,M06,109.629816,-2.6698,"Comercio, transporte y turismo"
2020-12,M06,105.597874,-6.5814,"Comercio, transporte y turismo"
2021-01,M06,103.604434,-10.3318,"Comercio, transporte y turismo"
2021-02,M06,110.501838,-6.4213,"Comercio, transporte y turismo"
2021-03,M06,118.065409,16.8898,"Comercio, transporte y turismo"
2021-04,M06,102.166945,51.0381,"Comercio, transporte y turismo"
2021-05,M06,101.229445,33.0472,"Comercio, transporte y turismo"
2021-06,M06,113.539777,37.9848,"Comercio, transporte y turismo"
2021-07,M06,117.322691,35.7653,"Comercio, transporte y turismo"
2021-08,M06,118.669408,35.5568,"Comercio, transporte y turismo"
2021-09,M06,123.2631,23.0567,"Comercio, transporte y turismo"
2021-10,M06,127.178642,22.3118,"Comercio, transporte y turismo"
2021-11,M06,127.343502,16.1577,"Comercio, transporte y turismo"
2021-12,M06,126.610411,19.8986,"Comercio, transporte y turismo"
2022-01,M06,127.934356,23.4835,"Comercio, transporte y turismo"
2022-02,M06,121.090461,9.5823,"Comercio, transporte y turismo"
2022-03,M06,131.71609,11.562,"Comercio, transporte y turismo"
2022-04,M06,126.844349,24.154,"Comercio, transporte y turismo"
2022-05,M06,130.850391,29.2612,"Comercio, transporte y turismo"
2022-06,M06,132.373481,16.5878,"Comercio, transporte y turismo"
2022-07,M06,132.397849,12.8493,"Comercio, transporte y turismo"
2022-08,M06,131.823107,11.0843,"Comercio, transporte y turismo"
2022-09,M06,134.684429,9.2658,"Comercio, transporte y turismo"
2022-10,M06,132.779613,4.404,"Comercio, transporte y turismo"
2022-11,M06,123.892976,-2.7096,"Comercio, transporte y turismo"
2022-12,M06,128.237091,1.2848,"Comercio, transporte y turismo"
2023-01,M06,125.793527,-1.6734,"Comercio, transporte y turismo"
2023-02,M06,125.534766,3.6702,"Comercio, transporte y turismo"
2023-03,M06,125.716114,-4.5552,"Comercio, transporte y turismo"
2023-04,M06,124.52677,-1.8271,"Comercio, transporte y turismo"
2023-05,M06,124.709875,-4.6928,"Comercio, transporte y turismo"
2023-06,M06,124.672598,-5.8175,"Comercio, transporte y turismo"
2023-07,M06,124.409127,-6.0339,"Comercio, transporte y turismo"
2023-08,M06,125.15638,-5.0573,"Comercio, transporte y turismo"
2023-09,M06,125.412288,-6.8843,"Comercio, transporte y turismo"
2023-10,M06,123.282663,-7.1524,"Comercio, transporte y turismo"
2023-11,M06,123.7629,-0.105,"Comercio, transporte y turismo"
2023-12,M06,125.080277,-2.4617,"Comercio, transporte y turismo"
2024-01,M06,124.811425,-0.7807,"Comercio, transporte y turismo"
2024-02,M06,124.13337,-1.1163,"Comercio, transporte y turismo"
2024-03,M06,124.323626,-1.1076,"Comercio, transporte y turismo"
2024-04,M06,124.219326,-0.2469,"Comercio, transporte y turismo"
2024-05,M06,124.944445,0.1881,"Comercio, transporte y turismo"
2024-06,M06,125.771328,0.8813,"Comercio, transporte y turismo"
2024-07,M06,125.012637,0.4851,"Comercio, transporte y turismo"
2024-08,M06,127.95521,2.2363,"Comercio, transporte y turismo"
2024-09,M06,126.650286,0.9871,"Comercio, transporte y turismo"
2024-10,M06,128.842922,4.5102,"Comercio, transporte y turismo"
2024-11,M06,130.146824,5.1582,"Comercio, transporte y turismo"
2024-12,M06,129.71165,3.7027,"Comercio, transporte y turismo"
2025-01,M06,131.333869,5.2258,"Comercio, transporte y turismo"
2025-02,M06,129.147186,4.0391,"Comercio, transporte y turismo"
2025-03,M06,129.553887,4.207,"Comercio, transporte y turismo"
2025-04,M06,131.346347,5.7374,"Comercio, transporte y turismo"
2025-05,M06,133.154099,6.5706,"Comercio, transporte y turismo"
2025-06,M06,131.855274,4.8373,"Comercio, transporte y turismo"
2025-07,M06,133.08054,6.4537,"Comercio, transporte y turismo"
2025-08,M06,134.308914,4.9656,"Comercio, transporte y turismo"
2025-09,M06,133.048759,5.0521,"Comercio, transporte y turismo"
2025-10,M06,133.703237,3.7723,"Comercio, transporte y turismo"
2025-11,M06,133.98335,2.9478,"Comercio, transporte y turismo"
2025-12,M06,132.667727,2.279,"Comercio, transporte y turismo"
2026-01,M06,133.895054,1.9501,"Comercio, transporte y turismo"
2026-02,M06,133.326273,3.2359,"Comercio, transporte y turismo"
2026-03,M06,134.25504,3.6287,"Comercio, transporte y turismo"
2015-01,M07,99.786187,3.1185,TIC y economía digital
2015-02,M07,98.529226,-0.5958,TIC y economía digital
2015-03,M07,98.907177,-0.2494,TIC y economía digital
2015-04,M07,98.906776,-1.73,TIC y economía digital
2015-05,M07,98.621971,-1.426,TIC y economía digital
2015-06,M07,99.011049,0.1898,TIC y economía digital
2015-07,M07,100.649728,3.4893,TIC y economía digital
2015-08,M07,101.005601,4.7751,TIC y economía digital
2015-09,M07,101.570127,3.9978,TIC y economía digital
2015-10,M07,102.112276,2.8974,TIC y economía digital
2015-11,M07,100.63133,1.1211,TIC y economía digital
2015-12,M07,100.268552,0.2831,TIC y economía digital
2016-01,M07,103.621581,3.8436,TIC y economía digital
2016-02,M07,97.073055,-1.4779,TIC y economía digital
2016-03,M07,97.254728,-1.6707,TIC y economía digital
2016-04,M07,99.471462,0.5709,TIC y economía digital
2016-05,M07,99.427646,0.8169,TIC y economía digital
2016-06,M07,99.565612,0.5601,TIC y economía digital
2016-07,M07,100.66052,0.0107,TIC y economía digital
2016-08,M07,100.492618,-0.5079,TIC y economía digital
2016-09,M07,99.592396,-1.9472,TIC y economía digital
2016-10,M07,99.361082,-2.6943,TIC y economía digital
2016-11,M07,98.268952,-2.3476,TIC y economía digital
2016-12,M07,97.347571,-2.9132,TIC y economía digital
2017-01,M07,98.716349,-4.7338,TIC y economía digital
2017-02,M07,97.679576,0.6248,TIC y economía digital
2017-03,M07,99.422978,2.2295,TIC y economía digital
2017-04,M07,97.788455,-1.6919,TIC y economía digital
2017-05,M07,101.251246,1.8341,TIC y economía digital
2017-06,M07,99.213722,-0.3534,TIC y economía digital
2017-07,M07,97.717646,-2.9236,TIC y economía digital
2017-08,M07,96.38368,-4.0888,TIC y economía digital
2017-09,M07,98.218344,-1.3797,TIC y economía digital
2017-10,M07,96.83329,-2.544,TIC y economía digital
2017-11,M07,99.609686,1.3644,TIC y economía digital
2017-12,M07,106.998507,9.9139,TIC y economía digital
2018-01,M07,98.033423,-0.6918,TIC y economía digital
2018-02,M07,99.971001,2.3459,TIC y economía digital
2018-03,M07,100.158828,0.7401,TIC y economía digital
2018-04,M07,101.702054,4.0021,TIC y economía digital
2018-05,M07,101.565579,0.3104,TIC y economía digital
2018-06,M07,102.662544,3.4762,TIC y economía digital
2018-07,M07,103.09727,5.5053,TIC y economía digital
2018-08,M07,105.085278,9.0281,TIC y economía digital
2018-09,M07,104.658803,6.5573,TIC y economía digital
2018-10,M07,104.679838,8.1032,TIC y economía digital
2018-11,M07,102.19397,2.5944,TIC y economía digital
2018-12,M07,107.943009,0.8827,TIC y economía digital
2019-01,M07,102.745651,4.8068,TIC y economía digital
2019-02,M07,101.471985,1.5014,TIC y economía digital
2019-03,M07,102.929869,2.7666,TIC y economía digital
2019-04,M07,103.562812,1.8296,TIC y economía digital
2019-05,M07,104.999583,3.3811,TIC y economía digital
2019-06,M07,105.270396,2.5402,TIC y economía digital
2019-07,M07,103.071935,-0.0246,TIC y economía digital
2019-08,M07,102.689869,-2.2795,TIC y economía digital
2019-09,M07,103.051581,-1.5357,TIC y economía digital
2019-10,M07,104.572918,-0.1021,TIC y economía digital
2019-11,M07,104.327171,2.0874,TIC y economía digital
2019-12,M07,104.376219,-3.3043,TIC y economía digital
2020-01,M07,102.98084,0.2289,TIC y economía digital
2020-02,M07,102.675478,1.186,TIC y economía digital
2020-03,M07,100.83119,-2.0389,TIC y economía digital
2020-04,M07,99.944443,-3.4939,TIC y economía digital
2020-05,M07,98.151679,-6.5218,TIC y economía digital
2020-06,M07,97.599713,-7.2866,TIC y economía digital
2020-07,M07,103.269024,0.1912,TIC y economía digital
2020-08,M07,100.6409,-1.9953,TIC y economía digital
2020-09,M07,99.090317,-3.844,TIC y economía digital
2020-10,M07,97.832984,-6.4452,TIC y economía digital
2020-11,M07,101.470861,-2.7378,TIC y economía digital
2020-12,M07,104.126569,-0.2392,TIC y economía digital
2021-01,M07,103.732468,0.7299,TIC y economía digital
2021-02,M07,106.212875,3.4452,TIC y economía digital
2021-03,M07,107.828893,6.94,TIC y economía digital
2021-04,M07,109.408065,9.4689,TIC y economía digital
2021-05,M07,110.128382,12.2022,TIC y economía digital
2021-06,M07,111.858079,14.609,TIC y economía digital
2021-07,M07,113.788081,10.1861,TIC y economía digital
2021-08,M07,114.622974,13.893,TIC y economía digital
2021-09,M07,117.618439,18.6982,TIC y economía digital
2021-10,M07,119.258289,21.8999,TIC y economía digital
2021-11,M07,124.245176,22.4442,TIC y economía digital
2021-12,M07,124.012689,19.098,TIC y economía digital
2022-01,M07,126.813563,22.2506,TIC y economía digital
2022-02,M07,127.146748,19.7094,TIC y economía digital
2022-03,M07,128.594932,19.2583,TIC y economía digital
2022-04,M07,127.747999,16.7629,TIC y economía digital
2022-05,M07,128.812962,16.9662,TIC y economía digital
2022-06,M07,128.833058,15.1755,TIC y economía digital
2022-07,M07,129.180522,13.5273,TIC y economía digital
2022-08,M07,129.369187,12.865,TIC y economía digital
2022-09,M07,129.477174,10.0824,TIC y economía digital
2022-10,M07,122.541635,2.7531,TIC y economía digital
2022-11,M07,125.501584,1.0112,TIC y economía digital
2022-12,M07,126.668003,2.1412,TIC y economía digital
2023-01,M07,130.600546,2.9863,TIC y economía digital
2023-02,M07,129.87217,2.1435,TIC y economía digital
2023-03,M07,130.858105,1.7599,TIC y economía digital
2023-04,M07,129.394898,1.2892,TIC y economía digital
2023-05,M07,129.163838,0.2724,TIC y economía digital
2023-06,M07,129.942775,0.8614,TIC y economía digital
2023-07,M07,125.795832,-2.6201,TIC y economía digital
2023-08,M07,128.809235,-0.4328,TIC y economía digital
2023-09,M07,128.132884,-1.0382,TIC y economía digital
2023-10,M07,134.752707,9.9648,TIC y economía digital
2023-11,M07,130.115126,3.6761,TIC y economía digital
2023-12,M07,126.787502,0.0943,TIC y economía digital
2024-01,M07,128.646184,-1.4964,TIC y economía digital
2024-02,M07,126.223271,-2.8096,TIC y economía digital
2024-03,M07,127.318016,-2.7053,TIC y economía digital
2024-04,M07,128.338182,-0.8167,TIC y economía digital
2024-05,M07,129.511568,0.2692,TIC y economía digital
2024-06,M07,127.019567,-2.2496,TIC y economía digital
2024-07,M07,129.134876,2.6543,TIC y economía digital
2024-08,M07,130.36157,1.2051,TIC y economía digital
2024-09,M07,129.677502,1.2055,TIC y economía digital
2024-10,M07,130.385381,-3.241,TIC y economía digital
2024-11,M07,130.082524,-0.0251,TIC y economía digital
2024-12,M07,134.271687,5.9029,TIC y economía digital
2025-01,M07,129.654411,0.7837,TIC y economía digital
2025-02,M07,131.05747,3.8299,TIC y economía digital
2025-03,M07,126.365719,-0.748,TIC y economía digital
2025-04,M07,131.570706,2.5188,TIC y economía digital
2025-05,M07,130.65332,0.8816,TIC y economía digital
2025-06,M07,132.657525,4.4387,TIC y economía digital
2025-07,M07,132.510054,2.6137,TIC y economía digital
2025-08,M07,130.266387,-0.073,TIC y economía digital
2025-09,M07,132.080781,1.8533,TIC y economía digital
2025-10,M07,129.040819,-1.0312,TIC y economía digital
2025-11,M07,129.20935,-0.6712,TIC y economía digital
2025-12,M07,131.823789,-1.8231,TIC y economía digital
2026-01,M07,131.042714,1.0708,TIC y economía digital
2026-02,M07,130.964494,-0.0709,TIC y economía digital
2026-03,M07,130.460999,3.2408,TIC y economía digital
2015-01,M08,102.512034,18.9542,Financiero y seguros
2015-02,M08,97.262687,8.3444,Financiero y seguros
2015-03,M08,99.153432,6.801,Financiero y seguros
2015-04,M08,99.668287,8.958,Financiero y seguros
2015-05,M08,99.053471,9.0395,Financiero y seguros
2015-06,M08,100.902007,7.9693,Financiero y seguros
2015-07,M08,107.522049,18.9091,Financiero y seguros
2015-08,M08,99.518485,3.6829,Financiero y seguros
2015-09,M08,98.331677,2.9236,Financiero y seguros
2015-10,M08,99.286037,7.8955,Financiero y seguros
2015-11,M08,99.329321,1.96,Financiero y seguros
2015-12,M08,97.460512,1.9269,Financiero y seguros
2016-01,M08,100.909034,-1.5637,Financiero y seguros
2016-02,M08,103.381756,6.2913,Financiero y seguros
2016-03,M08,102.140022,3.0121,Financiero y seguros
2016-04,M08,99.546422,-0.1223,Financiero y seguros
2016-05,M08,102.244026,3.221,Financiero y seguros
2016-06,M08,102.232898,1.319,Financiero y seguros
2016-07,M08,105.93726,-1.4739,Financiero y seguros
2016-08,M08,102.538842,3.035,Financiero y seguros
2016-09,M08,103.597055,5.3547,Financiero y seguros
2016-10,M08,104.525008,5.2766,Financiero y seguros
2016-11,M08,103.098028,3.7942,Financiero y seguros
2016-12,M08,105.473352,8.2216,Financiero y seguros
2017-01,M08,105.033213,4.087,Financiero y seguros
2017-02,M08,103.949552,0.5492,Financiero y seguros
2017-03,M08,105.358724,3.1513,Financiero y seguros
2017-04,M08,107.566679,8.0568,Financiero y seguros
2017-05,M08,107.396954,5.0398,Financiero y seguros
2017-06,M08,111.860128,9.417,Financiero y seguros
2017-07,M08,106.495277,0.5267,Financiero y seguros
2017-08,M08,108.601315,5.9124,Financiero y seguros
2017-09,M08,110.053729,6.2325,Financiero y seguros
2017-10,M08,111.261166,6.4445,Financiero y seguros
2017-11,M08,110.595036,7.2717,Financiero y seguros
2017-12,M08,114.030211,8.1128,Financiero y seguros
2018-01,M08,106.666825,1.5553,Financiero y seguros
2018-02,M08,109.718595,5.5498,Financiero y seguros
2018-03,M08,109.941437,4.3496,Financiero y seguros
2018-04,M08,114.133895,6.1053,Financiero y seguros
2018-05,M08,112.734446,4.9699,Financiero y seguros
2018-06,M08,114.216929,2.1069,Financiero y seguros
2018-07,M08,111.334894,4.5444,Financiero y seguros
2018-08,M08,115.251114,6.1231,Financiero y seguros
2018-09,M08,112.086213,1.8468,Financiero y seguros
2018-10,M08,113.41109,1.9323,Financiero y seguros
2018-11,M08,114.861858,3.8581,Financiero y seguros
2018-12,M08,116.472771,2.142,Financiero y seguros
2019-01,M08,110.202663,3.3148,Financiero y seguros
2019-02,M08,117.855057,7.4158,Financiero y seguros
2019-03,M08,120.259675,9.3852,Financiero y seguros
2019-04,M08,118.393299,3.7319,Financiero y seguros
2019-05,M08,121.228965,7.535,Financiero y seguros
2019-06,M08,118.743162,3.9628,Financiero y seguros
2019-07,M08,123.273631,10.7233,Financiero y seguros
2019-08,M08,121.27559,5.2273,Financiero y seguros
2019-09,M08,121.867775,8.7268,Financiero y seguros
2019-10,M08,121.475391,7.1107,Financiero y seguros
2019-11,M08,123.801987,7.7834,Financiero y seguros
2019-12,M08,117.119693,0.5554,Financiero y seguros
2020-01,M08,121.179665,9.9607,Financiero y seguros
2020-02,M08,123.216268,4.549,Financiero y seguros
2020-03,M08,111.932078,-6.9247,Financiero y seguros
2020-04,M08,119.277906,0.7472,Financiero y seguros
2020-05,M08,123.12526,1.5642,Financiero y seguros
2020-06,M08,120.618539,1.5794,Financiero y seguros
2020-07,M08,125.847415,2.0879,Financiero y seguros
2020-08,M08,124.833355,2.9336,Financiero y seguros
2020-09,M08,122.92152,0.8647,Financiero y seguros
2020-10,M08,124.940682,2.8527,Financiero y seguros
2020-11,M08,122.78839,-0.8187,Financiero y seguros
2020-12,M08,126.911727,8.3607,Financiero y seguros
2021-01,M08,126.081232,4.0449,Financiero y seguros
2021-02,M08,124.29747,0.8775,Financiero y seguros
2021-03,M08,123.114057,9.99,Financiero y seguros
2021-04,M08,126.352784,5.9314,Financiero y seguros
2021-05,M08,122.345204,-0.6335,Financiero y seguros
2021-06,M08,126.389029,4.7841,Financiero y seguros
2021-07,M08,127.463256,1.284,Financiero y seguros
2021-08,M08,119.792143,-4.0384,Financiero y seguros
2021-09,M08,134.597428,9.4987,Financiero y seguros
2021-10,M08,129.413727,3.5801,Financiero y seguros
2021-11,M08,131.907746,7.4269,Financiero y seguros
2021-12,M08,130.138937,2.5429,Financiero y seguros
2022-01,M08,88.705151,-29.6444,Financiero y seguros
2022-02,M08,135.469593,8.9882,Financiero y seguros
2022-03,M08,137.717807,11.862,Financiero y seguros
2022-04,M08,137.35087,8.7043,Financiero y seguros
2022-05,M08,139.722186,14.2032,Financiero y seguros
2022-06,M08,140.400658,11.0861,Financiero y seguros
2022-07,M08,136.787805,7.3155,Financiero y seguros
2022-08,M08,138.838484,15.8995,Financiero y seguros
2022-09,M08,142.106501,5.5789,Financiero y seguros
2022-10,M08,141.5339,9.3654,Financiero y seguros
2022-11,M08,140.919643,6.832,Financiero y seguros
2022-12,M08,143.919847,10.5894,Financiero y seguros
2023-01,M08,146.105956,64.7097,Financiero y seguros
2023-02,M08,147.549118,8.9168,Financiero y seguros
2023-03,M08,155.095135,12.6181,Financiero y seguros
2023-04,M08,145.12965,5.6634,Financiero y seguros
2023-05,M08,144.939652,3.7342,Financiero y seguros
2023-06,M08,146.808221,4.5638,Financiero y seguros
2023-07,M08,144.029921,5.2944,Financiero y seguros
2023-08,M08,145.610468,4.8776,Financiero y seguros
2023-09,M08,138.68138,-2.4102,Financiero y seguros
2023-10,M08,146.325671,3.3856,Financiero y seguros
2023-11,M08,147.852583,4.9198,Financiero y seguros
2023-12,M08,160.433462,11.4742,Financiero y seguros
2024-01,M08,148.863258,1.8872,Financiero y seguros
2024-02,M08,145.943548,-1.0882,Financiero y seguros
2024-03,M08,145.12572,-6.4279,Financiero y seguros
2024-04,M08,149.543591,3.0414,Financiero y seguros
2024-05,M08,146.510801,1.084,Financiero y seguros
2024-06,M08,149.796567,2.0355,Financiero y seguros
2024-07,M08,148.424133,3.0509,Financiero y seguros
2024-08,M08,151.026751,3.7197,Financiero y seguros
2024-09,M08,149.59141,7.867,Financiero y seguros
2024-10,M08,150.277607,2.7008,Financiero y seguros
2024-11,M08,150.766301,1.9707,Financiero y seguros
2024-12,M08,151.67931,-5.4566,Financiero y seguros
2025-01,M08,151.603772,1.841,Financiero y seguros
2025-02,M08,151.929253,4.1014,Financiero y seguros
2025-03,M08,152.584095,5.1393,Financiero y seguros
2025-04,M08,152.83729,2.2025,Financiero y seguros
2025-05,M08,159.855021,9.108,Financiero y seguros
2025-06,M08,145.676668,-2.7503,Financiero y seguros
2025-07,M08,157.002664,5.7797,Financiero y seguros
2025-08,M08,153.522379,1.6524,Financiero y seguros
2025-09,M08,156.659708,4.7251,Financiero y seguros
2025-10,M08,154.704517,2.9458,Financiero y seguros
2025-11,M08,153.714718,1.9556,Financiero y seguros
2025-12,M08,146.85971,-3.1775,Financiero y seguros
2026-01,M08,151.523712,-0.0528,Financiero y seguros
2026-02,M08,154.739923,1.85,Financiero y seguros
2026-03,M08,163.477702,7.1394,Financiero y seguros
2015-01,M09,98.510738,3.0129,Inmobiliario
2015-02,M09,98.746533,2.9947,Inmobiliario
2015-03,M09,98.981985,3.0226,Inmobiliario
2015-04,M09,99.233619,3.0522,Inmobiliario
2015-05,M09,99.481226,3.0834,Inmobiliario
2015-06,M09,99.739837,3.0806,Inmobiliario
2015-07,M09,100.019795,3.0643,Inmobiliario
2015-08,M09,100.298626,3.0922,Inmobiliario
2015-09,M09,100.642371,3.2219,Inmobiliario
2015-10,M09,101.007326,3.3975,Inmobiliario
2015-11,M09,101.523176,3.6166,Inmobiliario
2015-12,M09,101.814769,3.6661,Inmobiliario
2016-01,M09,101.880069,3.4203,Inmobiliario
2016-02,M09,102.106362,3.4025,Inmobiliario
2016-03,M09,102.439366,3.4929,Inmobiliario
2016-04,M09,102.896314,3.691,Inmobiliario
2016-05,M09,103.285762,3.8244,Inmobiliario
2016-06,M09,103.592451,3.8627,Inmobiliario
2016-07,M09,103.799986,3.7794,Inmobiliario
2016-08,M09,103.964381,3.6548,Inmobiliario
2016-09,M09,104.052526,3.3884,Inmobiliario
2016-10,M09,104.463698,3.4219,Inmobiliario
2016-11,M09,104.868061,3.2947,Inmobiliario
2016-12,M09,104.996888,3.1254,Inmobiliario
2017-01,M09,105.199006,3.2577,Inmobiliario
2017-02,M09,105.46562,3.29,Inmobiliario
2017-03,M09,105.695796,3.1789,Inmobiliario
2017-04,M09,105.917937,2.9366,Inmobiliario
2017-05,M09,106.217914,2.8389,Inmobiliario
2017-06,M09,106.449376,2.7579,Inmobiliario
2017-07,M09,106.636059,2.7322,Inmobiliario
2017-08,M09,106.985865,2.9063,Inmobiliario
2017-09,M09,107.282607,3.1043,Inmobiliario
2017-10,M09,107.803956,3.1975,Inmobiliario
2017-11,M09,108.176166,3.1545,Inmobiliario
2017-12,M09,108.427485,3.2673,Inmobiliario
2018-01,M09,108.552841,3.1881,Inmobiliario
2018-02,M09,108.879719,3.2372,Inmobiliario
2018-03,M09,109.337566,3.4455,Inmobiliario
2018-04,M09,109.822408,3.6863,Inmobiliario
2018-05,M09,110.34438,3.8849,Inmobiliario
2018-06,M09,110.982387,4.2584,Inmobiliario
2018-07,M09,111.273594,4.3489,Inmobiliario
2018-08,M09,111.688348,4.3954,Inmobiliario
2018-09,M09,112.096872,4.4875,Inmobiliario
2018-10,M09,112.403257,4.2664,Inmobiliario
2018-11,M09,112.715921,4.1966,Inmobiliario
2018-12,M09,112.927411,4.1502,Inmobiliario
2019-01,M09,113.349792,4.419,Inmobiliario
2019-02,M09,113.596581,4.3322,Inmobiliario
2019-03,M09,113.94288,4.212,Inmobiliario
2019-04,M09,114.169831,3.9586,Inmobiliario
2019-05,M09,114.423778,3.697,Inmobiliario
2019-06,M09,115.012047,3.6309,Inmobiliario
2019-07,M09,114.835412,3.201,Inmobiliario
2019-08,M09,114.748871,2.7402,Inmobiliario
2019-09,M09,114.84608,2.4525,Inmobiliario
2019-10,M09,114.781277,2.1156,Inmobiliario
2019-11,M09,115.089622,2.1059,Inmobiliario
2019-12,M09,115.450876,2.2346,Inmobiliario
2020-01,M09,115.839164,2.1962,Inmobiliario
2020-02,M09,115.871624,2.0027,Inmobiliario
2020-03,M09,115.810655,1.6392,Inmobiliario
2020-04,M09,114.862832,0.607,Inmobiliario
2020-05,M09,115.042775,0.541,Inmobiliario
2020-06,M09,115.893298,0.7662,Inmobiliario
2020-07,M09,115.903526,0.9301,Inmobiliario
2020-08,M09,116.393539,1.4333,Inmobiliario
2020-09,M09,116.759266,1.6659,Inmobiliario
2020-10,M09,117.057042,1.9827,Inmobiliario
2020-11,M09,117.248979,1.8762,Inmobiliario
2020-12,M09,117.396784,1.6855,Inmobiliario
2021-01,M09,117.90403,1.7825,Inmobiliario
2021-02,M09,117.947524,1.7916,Inmobiliario
2021-03,M09,118.268318,2.1221,Inmobiliario
2021-04,M09,118.837101,3.46,Inmobiliario
2021-05,M09,118.851457,3.3107,Inmobiliario
2021-06,M09,119.052548,2.726,Inmobiliario
2021-07,M09,119.154738,2.8051,Inmobiliario
2021-08,M09,119.359226,2.548,Inmobiliario
2021-09,M09,119.480186,2.3304,Inmobiliario
2021-10,M09,119.587456,2.1617,Inmobiliario
2021-11,M09,120.12039,2.449,Inmobiliario
2021-12,M09,120.317799,2.4882,Inmobiliario
2022-01,M09,120.486945,2.1907,Inmobiliario
2022-02,M09,120.707555,2.34,Inmobiliario
2022-03,M09,120.938181,2.2575,Inmobiliario
2022-04,M09,121.284735,2.0597,Inmobiliario
2022-05,M09,121.219578,1.9925,Inmobiliario
2022-06,M09,121.449704,2.0135,Inmobiliario
2022-07,M09,121.837111,2.2512,Inmobiliario
2022-08,M09,121.754414,2.0067,Inmobiliario
2022-09,M09,121.908622,2.0325,Inmobiliario
2022-10,M09,122.043008,2.0534,Inmobiliario
2022-11,M09,122.086102,1.6365,Inmobiliario
2022-12,M09,122.380715,1.7146,Inmobiliario
2023-01,M09,122.616731,1.7676,Inmobiliario
2023-02,M09,122.848368,1.7736,Inmobiliario
2023-03,M09,123.046047,1.7429,Inmobiliario
2023-04,M09,123.311464,1.6711,Inmobiliario
2023-05,M09,123.410424,1.8073,Inmobiliario
2023-06,M09,123.587186,1.76,Inmobiliario
2023-07,M09,123.862313,1.6622,Inmobiliario
2023-08,M09,123.978071,1.8263,Inmobiliario
2023-09,M09,124.234715,1.9081,Inmobiliario
2023-10,M09,124.498406,2.0119,Inmobiliario
2023-11,M09,124.722202,2.1592,Inmobiliario
2023-12,M09,124.962481,2.1096,Inmobiliario
2024-01,M09,125.140706,2.0584,Inmobiliario
2024-02,M09,125.404686,2.0809,Inmobiliario
2024-03,M09,125.697381,2.1547,Inmobiliario
2024-04,M09,126.06664,2.2343,Inmobiliario
2024-05,M09,126.278709,2.3242,Inmobiliario
2024-06,M09,126.482352,2.3426,Inmobiliario
2024-07,M09,126.660469,2.2591,Inmobiliario
2024-08,M09,126.810441,2.2846,Inmobiliario
2024-09,M09,126.992925,2.2202,Inmobiliario
2024-10,M09,127.229254,2.1935,Inmobiliario
2024-11,M09,127.435457,2.1754,Inmobiliario
2024-12,M09,127.687125,2.1804,Inmobiliario
2025-01,M09,127.915147,2.2171,Inmobiliario
2025-02,M09,128.156238,2.1941,Inmobiliario
2025-03,M09,128.283592,2.0575,Inmobiliario
2025-04,M09,128.420311,1.867,Inmobiliario
2025-05,M09,128.551108,1.7995,Inmobiliario
2025-06,M09,128.75563,1.7973,Inmobiliario
2025-07,M09,129.006361,1.8521,Inmobiliario
2025-08,M09,129.270011,1.9396,Inmobiliario
2025-09,M09,129.531489,1.999,Inmobiliario
2025-10,M09,129.785261,2.009,Inmobiliario
2025-11,M09,130.04216,2.0455,Inmobiliario
2025-12,M09,130.275045,2.0268,Inmobiliario
2026-01,M09,130.492499,2.0149,Inmobiliario
2026-02,M09,130.662531,1.9557,Inmobiliario
2026-03,M09,130.837232,1.9906,Inmobiliario
2015-01,M10,101.461711,3.8131,Servicios profesionales
2015-02,M10,100.83879,1.7595,Servicios profesionales
2015-03,M10,100.336072,0.8935,Servicios profesionales
2015-04,M10,99.916937,0.1049,Servicios profesionales
2015-05,M10,99.859823,-0.2876,Servicios profesionales
2015-06,M10,99.257704,-0.2562,Servicios profesionales
2015-07,M10,101.211855,1.1721,Servicios profesionales
2015-08,M10,100.609737,0.6562,Servicios profesionales
2015-09,M10,100.70978,-0.2986,Servicios profesionales
2015-10,M10,99.73307,-1.8711,Servicios profesionales
2015-11,M10,98.21649,-3.6313,Servicios profesionales
2015-12,M10,97.848031,-4.0246,Servicios profesionales
2016-01,M10,97.935732,-3.4752,Servicios profesionales
2016-02,M10,98.457425,-2.3616,Servicios profesionales
2016-03,M10,97.137035,-3.1883,Servicios profesionales
2016-04,M10,97.767709,-2.151,Servicios profesionales
2016-05,M10,97.372772,-2.4905,Servicios profesionales
2016-06,M10,96.522998,-2.7552,Servicios profesionales
2016-07,M10,96.782339,-4.3765,Servicios profesionales
2016-08,M10,96.791036,-3.7956,Servicios profesionales
2016-09,M10,98.026797,-2.6641,Servicios profesionales
2016-10,M10,98.177784,-1.5594,Servicios profesionales
2016-11,M10,97.68034,-0.5459,Servicios profesionales
2016-12,M10,98.138387,0.2967,Servicios profesionales
2017-01,M10,97.734452,-0.2055,Servicios profesionales
2017-02,M10,98.304317,-0.1555,Servicios profesionales
2017-03,M10,98.361862,1.2609,Servicios profesionales
2017-04,M10,98.146955,0.3879,Servicios profesionales
2017-05,M10,98.893379,1.5616,Servicios profesionales
2017-06,M10,99.224475,2.7988,Servicios profesionales
2017-07,M10,99.154906,2.4514,Servicios profesionales
2017-08,M10,99.291054,2.5829,Servicios profesionales
2017-09,M10,99.472706,1.475,Servicios profesionales
2017-10,M10,98.661604,0.4928,Servicios profesionales
2017-11,M10,98.968344,1.3186,Servicios profesionales
2017-12,M10,101.617002,3.5446,Servicios profesionales
2018-01,M10,100.136722,2.458,Servicios profesionales
2018-02,M10,100.817721,2.5568,Servicios profesionales
2018-03,M10,102.437923,4.1439,Servicios profesionales
2018-04,M10,102.726644,4.6662,Servicios profesionales
2018-05,M10,102.4241,3.5702,Servicios profesionales
2018-06,M10,103.891144,4.7031,Servicios profesionales
2018-07,M10,102.674391,3.5495,Servicios profesionales
2018-08,M10,104.48482,5.2308,Servicios profesionales
2018-09,M10,103.621854,4.1711,Servicios profesionales
2018-10,M10,103.675966,5.0824,Servicios profesionales
2018-11,M10,104.073094,5.158,Servicios profesionales
2018-12,M10,104.037016,2.3815,Servicios profesionales
2019-01,M10,104.15324,4.011,Servicios profesionales
2019-02,M10,105.746038,4.8883,Servicios profesionales
2019-03,M10,104.073028,1.5962,Servicios profesionales
2019-04,M10,106.181815,3.3635,Servicios profesionales
2019-05,M10,108.269482,5.707,Servicios profesionales
2019-06,M10,107.62513,3.5941,Servicios profesionales
2019-07,M10,108.035774,5.2217,Servicios profesionales
2019-08,M10,107.96087,3.3268,Servicios profesionales
2019-09,M10,106.51189,2.789,Servicios profesionales
2019-10,M10,107.046185,3.2507,Servicios profesionales
2019-11,M10,106.081889,1.9302,Servicios profesionales
2019-12,M10,105.886446,1.7777,Servicios profesionales
2020-01,M10,107.570967,3.2814,Servicios profesionales
2020-02,M10,107.716166,1.8631,Servicios profesionales
2020-03,M10,101.668724,-2.3102,Servicios profesionales
2020-04,M10,92.649758,-12.7442,Servicios profesionales
2020-05,M10,93.43583,-13.7007,Servicios profesionales
2020-06,M10,96.095777,-10.7125,Servicios profesionales
2020-07,M10,98.42058,-8.9,Servicios profesionales
2020-08,M10,98.191958,-9.0486,Servicios profesionales
2020-09,M10,100.011917,-6.1026,Servicios profesionales
2020-10,M10,101.931135,-4.7784,Servicios profesionales
2020-11,M10,102.069263,-3.7826,Servicios profesionales
2020-12,M10,103.834246,-1.9381,Servicios profesionales
2021-01,M10,105.435315,-1.9853,Servicios profesionales
2021-02,M10,106.973946,-0.6891,Servicios profesionales
2021-03,M10,107.930955,6.1594,Servicios profesionales
2021-04,M10,107.666387,16.208,Servicios profesionales
2021-05,M10,106.197631,13.6584,Servicios profesionales
2021-06,M10,108.631969,13.0455,Servicios profesionales
2021-07,M10,110.585328,12.36,Servicios profesionales
2021-08,M10,110.202124,12.2313,Servicios profesionales
2021-09,M10,114.920178,14.9065,Servicios profesionales
2021-10,M10,112.138463,10.0139,Servicios profesionales
2021-11,M10,114.87846,12.5495,Servicios profesionales
2021-12,M10,115.187779,10.9343,Servicios profesionales
2022-01,M10,114.061612,8.1816,Servicios profesionales
2022-02,M10,116.665038,9.0593,Servicios profesionales
2022-03,M10,117.631481,8.9877,Servicios profesionales
2022-04,M10,120.209975,11.6504,Servicios profesionales
2022-05,M10,120.959327,13.9002,Servicios profesionales
2022-06,M10,120.911736,11.304,Servicios profesionales
2022-07,M10,118.675791,7.316,Servicios profesionales
2022-08,M10,120.170301,9.0454,Servicios profesionales
2022-09,M10,120.601664,4.9439,Servicios profesionales
2022-10,M10,118.728222,5.8764,Servicios profesionales
2022-11,M10,116.219659,1.1675,Servicios profesionales
2022-12,M10,119.726108,3.9399,Servicios profesionales
2023-01,M10,120.317498,5.4847,Servicios profesionales
2023-02,M10,120.426707,3.2243,Servicios profesionales
2023-03,M10,120.668677,2.582,Servicios profesionales
2023-04,M10,119.587914,-0.5175,Servicios profesionales
2023-05,M10,120.37128,-0.4862,Servicios profesionales
2023-06,M10,125.838471,4.0747,Servicios profesionales
2023-07,M10,121.362026,2.2635,Servicios profesionales
2023-08,M10,121.36995,0.9983,Servicios profesionales
2023-09,M10,120.120586,-0.3989,Servicios profesionales
2023-10,M10,121.388897,2.241,Servicios profesionales
2023-11,M10,120.854372,3.9879,Servicios profesionales
2023-12,M10,119.540571,-0.155,Servicios profesionales
2024-01,M10,120.929062,0.5083,Servicios profesionales
2024-02,M10,120.569212,0.1183,Servicios profesionales
2024-03,M10,118.887817,-1.4758,Servicios profesionales
2024-04,M10,123.859659,3.5721,Servicios profesionales
2024-05,M10,120.65051,0.232,Servicios profesionales
2024-06,M10,118.783515,-5.6064,Servicios profesionales
2024-07,M10,120.065277,-1.0685,Servicios profesionales
2024-08,M10,120.364782,-0.8282,Servicios profesionales
2024-09,M10,120.087828,-0.0273,Servicios profesionales
2024-10,M10,120.389307,-0.8235,Servicios profesionales
2024-11,M10,119.780127,-0.8889,Servicios profesionales
2024-12,M10,121.39538,1.5516,Servicios profesionales
2025-01,M10,121.041787,0.0932,Servicios profesionales
2025-02,M10,121.113102,0.4511,Servicios profesionales
2025-03,M10,120.447752,1.3121,Servicios profesionales
2025-04,M10,125.013944,0.9319,Servicios profesionales
2025-05,M10,122.080015,1.1848,Servicios profesionales
2025-06,M10,120.435128,1.3904,Servicios profesionales
2025-07,M10,122.35365,1.9059,Servicios profesionales
2025-08,M10,121.746491,1.1479,Servicios profesionales
2025-09,M10,122.501794,2.0102,Servicios profesionales
2025-10,M10,122.106395,1.4263,Servicios profesionales
2025-11,M10,122.248267,2.0606,Servicios profesionales
2025-12,M10,123.740238,1.9316,Servicios profesionales
2026-01,M10,123.178511,1.7653,Servicios profesionales
2026-02,M10,123.310252,1.8141,Servicios profesionales
2026-03,M10,124.318636,3.2137,Servicios profesionales
2015-01,M11,98.91087,5.1794,"Gobierno, educación y salud"
2015-02,M11,99.234422,6.4395,"Gobierno, educación y salud"
2015-03,M11,99.473244,6.8048,"Gobierno, educación y salud"
2015-04,M11,98.827673,5.801,"Gobierno, educación y salud"
2015-05,M11,99.76003,8.1031,"Gobierno, educación y salud"
2015-06,M11,99.859015,6.7916,"Gobierno, educación y salud"
2015-07,M11,104.215426,10.6084,"Gobierno, educación y salud"
2015-08,M11,105.027211,10.2186,"Gobierno, educación y salud"
2015-09,M11,102.797318,6.9493,"Gobierno, educación y salud"
2015-10,M11,99.118327,1.8426,"Gobierno, educación y salud"
2015-11,M11,96.463843,-1.1908,"Gobierno, educación y salud"
2015-12,M11,96.31262,-2.8293,"Gobierno, educación y salud"
2016-01,M11,99.882457,0.9823,"Gobierno, educación y salud"
2016-02,M11,101.683936,2.4684,"Gobierno, educación y salud"
2016-03,M11,102.872963,3.4177,"Gobierno, educación y salud"
2016-04,M11,103.865983,5.0981,"Gobierno, educación y salud"
2016-05,M11,103.693453,3.9429,"Gobierno, educación y salud"
2016-06,M11,103.730192,3.8766,"Gobierno, educación y salud"
2016-07,M11,104.59763,0.3667,"Gobierno, educación y salud"
2016-08,M11,104.301243,-0.6912,"Gobierno, educación y salud"
2016-09,M11,105.34343,2.4768,"Gobierno, educación y salud"
2016-10,M11,105.063675,5.9982,"Gobierno, educación y salud"
2016-11,M11,104.206052,8.026,"Gobierno, educación y salud"
2016-12,M11,104.882222,8.8977,"Gobierno, educación y salud"
2017-01,M11,106.006562,6.1313,"Gobierno, educación y salud"
2017-02,M11,105.045527,3.3059,"Gobierno, educación y salud"
2017-03,M11,105.227377,2.2887,"Gobierno, educación y salud"
2017-04,M11,105.261466,1.3435,"Gobierno, educación y salud"
2017-05,M11,106.111403,2.3318,"Gobierno, educación y salud"
2017-06,M11,109.366367,5.4335,"Gobierno, educación y salud"
2017-07,M11,107.535099,2.8084,"Gobierno, educación y salud"
2017-08,M11,109.121893,4.6219,"Gobierno, educación y salud"
2017-09,M11,107.386547,1.9395,"Gobierno, educación y salud"
2017-10,M11,108.178069,2.9643,"Gobierno, educación y salud"
2017-11,M11,108.668749,4.2826,"Gobierno, educación y salud"
2017-12,M11,109.298844,4.211,"Gobierno, educación y salud"
2018-01,M11,109.508156,3.3032,"Gobierno, educación y salud"
2018-02,M11,110.113811,4.8248,"Gobierno, educación y salud"
2018-03,M11,110.584362,5.0909,"Gobierno, educación y salud"
2018-04,M11,110.65512,5.1241,"Gobierno, educación y salud"
2018-05,M11,111.452912,5.0339,"Gobierno, educación y salud"
2018-06,M11,114.2325,4.4494,"Gobierno, educación y salud"
2018-07,M11,112.090698,4.2364,"Gobierno, educación y salud"
2018-08,M11,114.626525,5.0445,"Gobierno, educación y salud"
2018-09,M11,113.662799,5.8445,"Gobierno, educación y salud"
2018-10,M11,114.178371,5.5467,"Gobierno, educación y salud"
2018-11,M11,114.10569,5.0032,"Gobierno, educación y salud"
2018-12,M11,112.962188,3.3517,"Gobierno, educación y salud"
2019-01,M11,115.789757,5.7362,"Gobierno, educación y salud"
2019-02,M11,117.191979,6.428,"Gobierno, educación y salud"
2019-03,M11,114.111281,3.1893,"Gobierno, educación y salud"
2019-04,M11,116.134232,4.9515,"Gobierno, educación y salud"
2019-05,M11,118.437073,6.2665,"Gobierno, educación y salud"
2019-06,M11,119.090506,4.2527,"Gobierno, educación y salud"
2019-07,M11,119.655346,6.7487,"Gobierno, educación y salud"
2019-08,M11,120.047438,4.7292,"Gobierno, educación y salud"
2019-09,M11,119.85712,5.4497,"Gobierno, educación y salud"
2019-10,M11,119.040101,4.258,"Gobierno, educación y salud"
2019-11,M11,119.773885,4.9675,"Gobierno, educación y salud"
2019-12,M11,117.750749,4.2391,"Gobierno, educación y salud"
2020-01,M11,117.060137,1.0971,"Gobierno, educación y salud"
2020-02,M11,117.229144,0.0317,"Gobierno, educación y salud"
2020-03,M11,117.578239,3.0382,"Gobierno, educación y salud"
2020-04,M11,113.048739,-2.6568,"Gobierno, educación y salud"
2020-05,M11,114.664581,-3.1852,"Gobierno, educación y salud"
2020-06,M11,116.816041,-1.9099,"Gobierno, educación y salud"
2020-07,M11,117.668848,-1.6602,"Gobierno, educación y salud"
2020-08,M11,117.941565,-1.7542,"Gobierno, educación y salud"
2020-09,M11,118.858401,-0.8333,"Gobierno, educación y salud"
2020-10,M11,121.199123,1.8137,"Gobierno, educación y salud"
2020-11,M11,125.121341,4.4646,"Gobierno, educación y salud"
2020-12,M11,124.072441,5.3687,"Gobierno, educación y salud"
2021-01,M11,126.450005,8.0214,"Gobierno, educación y salud"
2021-02,M11,124.864649,6.5133,"Gobierno, educación y salud"
2021-03,M11,125.009216,6.32,"Gobierno, educación y salud"
2021-04,M11,126.384841,11.7968,"Gobierno, educación y salud"
2021-05,M11,125.486146,9.4376,"Gobierno, educación y salud"
2021-06,M11,127.265913,8.9456,"Gobierno, educación y salud"
2021-07,M11,127.427224,8.2931,"Gobierno, educación y salud"
2021-08,M11,127.026122,7.7026,"Gobierno, educación y salud"
2021-09,M11,137.503891,15.6871,"Gobierno, educación y salud"
2021-10,M11,129.487817,6.8389,"Gobierno, educación y salud"
2021-11,M11,133.63333,6.803,"Gobierno, educación y salud"
2021-12,M11,130.979623,5.5671,"Gobierno, educación y salud"
2022-01,M11,129.453354,2.3751,"Gobierno, educación y salud"
2022-02,M11,130.360271,4.4013,"Gobierno, educación y salud"
2022-03,M11,128.562732,2.8426,"Gobierno, educación y salud"
2022-04,M11,136.573037,8.0612,"Gobierno, educación y salud"
2022-05,M11,132.905748,5.9127,"Gobierno, educación y salud"
2022-06,M11,130.096276,2.224,"Gobierno, educación y salud"
2022-07,M11,128.774092,1.057,"Gobierno, educación y salud"
2022-08,M11,129.054668,1.597,"Gobierno, educación y salud"
2022-09,M11,129.398647,-5.8946,"Gobierno, educación y salud"
2022-10,M11,127.651224,-1.4184,"Gobierno, educación y salud"
2022-11,M11,127.970587,-4.2375,"Gobierno, educación y salud"
2022-12,M11,128.009825,-2.2674,"Gobierno, educación y salud"
2023-01,M11,129.279719,-0.1341,"Gobierno, educación y salud"
2023-02,M11,130.115211,-0.188,"Gobierno, educación y salud"
2023-03,M11,131.459928,2.2535,"Gobierno, educación y salud"
2023-04,M11,132.07259,-3.2953,"Gobierno, educación y salud"
2023-05,M11,136.387983,2.6201,"Gobierno, educación y salud"
2023-06,M11,150.147673,15.4127,"Gobierno, educación y salud"
2023-07,M11,141.076233,9.5533,"Gobierno, educación y salud"
2023-08,M11,139.000822,7.7069,"Gobierno, educación y salud"
2023-09,M11,136.47904,5.4718,"Gobierno, educación y salud"
2023-10,M11,135.278795,5.9753,"Gobierno, educación y salud"
2023-11,M11,140.953303,10.1451,"Gobierno, educación y salud"
2023-12,M11,133.467004,4.2631,"Gobierno, educación y salud"
2024-01,M11,137.676047,6.4947,"Gobierno, educación y salud"
2024-02,M11,137.016128,5.3037,"Gobierno, educación y salud"
2024-03,M11,138.384681,5.2676,"Gobierno, educación y salud"
2024-04,M11,152.912511,15.7791,"Gobierno, educación y salud"
2024-05,M11,146.803129,7.6364,"Gobierno, educación y salud"
2024-06,M11,135.910167,-9.4823,"Gobierno, educación y salud"
2024-07,M11,141.084666,0.006,"Gobierno, educación y salud"
2024-08,M11,139.960793,0.6906,"Gobierno, educación y salud"
2024-09,M11,140.928064,3.2599,"Gobierno, educación y salud"
2024-10,M11,143.956709,6.4148,"Gobierno, educación y salud"
2024-11,M11,143.886729,2.0811,"Gobierno, educación y salud"
2024-12,M11,143.667265,7.6425,"Gobierno, educación y salud"
2025-01,M11,143.176365,3.9951,"Gobierno, educación y salud"
2025-02,M11,141.549974,3.309,"Gobierno, educación y salud"
2025-03,M11,143.076995,3.3908,"Gobierno, educación y salud"
2025-04,M11,144.780124,-5.3183,"Gobierno, educación y salud"
2025-05,M11,148.320202,1.0334,"Gobierno, educación y salud"
2025-06,M11,145.878308,7.3344,"Gobierno, educación y salud"
2025-07,M11,158.397729,12.2714,"Gobierno, educación y salud"
2025-08,M11,147.674164,5.5111,"Gobierno, educación y salud"
2025-09,M11,148.775039,5.5681,"Gobierno, educación y salud"
2025-10,M11,149.458665,3.822,"Gobierno, educación y salud"
2025-11,M11,149.487401,3.8924,"Gobierno, educación y salud"
2025-12,M11,149.697959,4.1977,"Gobierno, educación y salud"
2026-01,M11,149.34177,4.3062,"Gobierno, educación y salud"
2026-02,M11,150.858457,6.5761,"Gobierno, educación y salud"
2026-03,M11,152.436736,6.5418,"Gobierno, educación y salud"
2015-01,M12,97.925709,1.1889,Arte y recreación
2015-02,M12,98.850041,3.0535,Arte y recreación
2015-03,M12,98.383075,2.7997,Arte y recreación
2015-04,M12,99.323521,4.7676,Arte y recreación
2015-05,M12,98.159875,5.163,Arte y recreación
2015-06,M12,98.915329,4.595,Arte y recreación
2015-07,M12,100.861182,5.227,Arte y recreación
2015-08,M12,100.408582,4.6018,Arte y recreación
2015-09,M12,100.220529,3.0972,Arte y recreación
2015-10,M12,101.533707,4.0991,Arte y recreación
2015-11,M12,102.307589,4.77,Arte y recreación
2015-12,M12,103.110862,7.5816,Arte y recreación
2016-01,M12,103.629829,5.8249,Arte y recreación
2016-02,M12,105.810526,7.0415,Arte y recreación
2016-03,M12,104.405539,6.1214,Arte y recreación
2016-04,M12,105.675987,6.3957,Arte y recreación
2016-05,M12,104.930063,6.8971,Arte y recreación
2016-06,M12,105.218455,6.3722,Arte y recreación
2016-07,M12,105.202353,4.3041,Arte y recreación
2016-08,M12,105.277901,4.8495,Arte y recreación
2016-09,M12,106.962483,6.7271,Arte y recreación
2016-10,M12,106.08552,4.4831,Arte y recreación
2016-11,M12,106.436479,4.0358,Arte y recreación
2016-12,M12,106.869973,3.6457,Arte y recreación
2017-01,M12,107.053996,3.3042,Arte y recreación
2017-02,M12,111.093186,4.9926,Arte y recreación
2017-03,M12,106.356996,1.8691,Arte y recreación
2017-04,M12,106.102835,0.4039,Arte y recreación
2017-05,M12,106.939748,1.9153,Arte y recreación
2017-06,M12,106.885663,1.5845,Arte y recreación
2017-07,M12,108.082985,2.7382,Arte y recreación
2017-08,M12,107.670639,2.2728,Arte y recreación
2017-09,M12,106.614445,-0.3254,Arte y recreación
2017-10,M12,108.018228,1.8218,Arte y recreación
2017-11,M12,107.759283,1.2428,Arte y recreación
2017-12,M12,110.605013,3.4949,Arte y recreación
2018-01,M12,107.402143,0.3252,Arte y recreación
2018-02,M12,106.512926,-4.1229,Arte y recreación
2018-03,M12,104.277446,-1.9553,Arte y recreación
2018-04,M12,107.349935,1.1754,Arte y recreación
2018-05,M12,108.066015,1.0532,Arte y recreación
2018-06,M12,109.886608,2.8076,Arte y recreación
2018-07,M12,108.884126,0.7412,Arte y recreación
2018-08,M12,110.995401,3.0879,Arte y recreación
2018-09,M12,109.542625,2.7465,Arte y recreación
2018-10,M12,115.167517,6.6186,Arte y recreación
2018-11,M12,115.134739,6.8444,Arte y recreación
2018-12,M12,119.612676,8.144,Arte y recreación
2019-01,M12,118.330326,10.175,Arte y recreación
2019-02,M12,118.347011,11.1105,Arte y recreación
2019-03,M12,121.476825,16.4939,Arte y recreación
2019-04,M12,123.748889,15.2762,Arte y recreación
2019-05,M12,124.402921,15.1175,Arte y recreación
2019-06,M12,124.435338,13.2398,Arte y recreación
2019-07,M12,125.851514,15.583,Arte y recreación
2019-08,M12,124.545444,12.2078,Arte y recreación
2019-09,M12,121.828263,11.2154,Arte y recreación
2019-10,M12,133.692533,16.0853,Arte y recreación
2019-11,M12,128.856866,11.9183,Arte y recreación
2019-12,M12,129.774346,8.4955,Arte y recreación
2020-01,M12,128.64332,8.7154,Arte y recreación
2020-02,M12,136.040106,14.9502,Arte y recreación
2020-03,M12,107.233964,-11.7248,Arte y recreación
2020-04,M12,74.877576,-39.4923,Arte y recreación
2020-05,M12,79.152897,-36.3738,Arte y recreación
2020-06,M12,90.930169,-26.9258,Arte y recreación
2020-07,M12,102.06948,-18.8969,Arte y recreación
2020-08,M12,111.96,-10.1051,Arte y recreación
2020-09,M12,116.490794,-4.3811,Arte y recreación
2020-10,M12,120.20237,-10.0904,Arte y recreación
2020-11,M12,123.780801,-3.9393,Arte y recreación
2020-12,M12,127.657613,-1.6311,Arte y recreación
2021-01,M12,132.732688,3.1788,Arte y recreación
2021-02,M12,133.617532,-1.7808,Arte y recreación
2021-03,M12,139.348787,29.9484,Arte y recreación
2021-04,M12,139.155415,85.8439,Arte y recreación
2021-05,M12,144.818363,82.9603,Arte y recreación
2021-06,M12,148.26624,63.0551,Arte y recreación
2021-07,M12,149.705624,46.6703,Arte y recreación
2021-08,M12,138.67768,23.8636,Arte y recreación
2021-09,M12,156.952763,34.734,Arte y recreación
2021-10,M12,156.667893,30.3368,Arte y recreación
2021-11,M12,160.239059,29.4539,Arte y recreación
2021-12,M12,172.950397,35.4799,Arte y recreación
2022-01,M12,171.550137,29.2448,Arte y recreación
2022-02,M12,169.13644,26.5825,Arte y recreación
2022-03,M12,187.616195,34.6378,Arte y recreación
2022-04,M12,171.826836,23.4784,Arte y recreación
2022-05,M12,188.710527,30.3084,Arte y recreación
2022-06,M12,173.373095,16.9336,Arte y recreación
2022-07,M12,168.810217,12.7614,Arte y recreación
2022-08,M12,176.455925,27.2418,Arte y recreación
2022-09,M12,217.36023,38.4877,Arte y recreación
2022-10,M12,225.80226,44.128,Arte y recreación
2022-11,M12,215.967257,34.7782,Arte y recreación
2022-12,M12,204.932341,18.492,Arte y recreación
2023-01,M12,196.043268,14.2775,Arte y recreación
2023-02,M12,194.679997,15.1023,Arte y recreación
2023-03,M12,215.271609,14.7404,Arte y recreación
2023-04,M12,207.775896,20.9217,Arte y recreación
2023-05,M12,200.886166,6.452,Arte y recreación
2023-06,M12,195.06804,12.5134,Arte y recreación
2023-07,M12,190.462549,12.8264,Arte y recreación
2023-08,M12,209.56124,18.7612,Arte y recreación
2023-09,M12,225.653596,3.8155,Arte y recreación
2023-10,M12,213.218183,-5.5731,Arte y recreación
2023-11,M12,247.659912,14.6747,Arte y recreación
2023-12,M12,211.000126,2.9609,Arte y recreación
2024-01,M12,212.450939,8.3694,Arte y recreación
2024-02,M12,213.110936,9.4673,Arte y recreación
2024-03,M12,214.645739,-0.2907,Arte y recreación
2024-04,M12,217.086261,4.481,Arte y recreación
2024-05,M12,220.61531,9.8211,Arte y recreación
2024-06,M12,232.379891,19.1276,Arte y recreación
2024-07,M12,244.830919,28.5454,Arte y recreación
2024-08,M12,225.970815,7.8304,Arte y recreación
2024-09,M12,230.688806,2.2314,Arte y recreación
2024-10,M12,229.146334,7.4704,Arte y recreación
2024-11,M12,231.315203,-6.5997,Arte y recreación
2024-12,M12,240.434012,13.9497,Arte y recreación
2025-01,M12,237.564178,11.8207,Arte y recreación
2025-02,M12,260.872226,22.4115,Arte y recreación
2025-03,M12,248.230325,15.6465,Arte y recreación
2025-04,M12,242.802728,11.8462,Arte y recreación
2025-05,M12,233.744842,5.9513,Arte y recreación
2025-06,M12,245.648469,5.7099,Arte y recreación
2025-07,M12,250.423351,2.2842,Arte y recreación
2025-08,M12,250.591842,10.8957,Arte y recreación
2025-09,M12,251.714084,9.1141,Arte y recreación
2025-10,M12,259.714924,13.3402,Arte y recreación
2025-11,M12,262.143901,13.3276,Arte y recreación
2025-12,M12,237.321109,-1.2947,Arte y recreación
2026-01,M12,249.498601,5.0237,Arte y recreación
2026-02,M12,255.503752,-2.0579,Arte y recreación
2026-03,M12,262.687395,5.8241,Arte y recreación
